,phases,true Tc,predicted Tc
2554,Ba Cu Lu O Yb,10.4,5.990126
2103,Ca Cu La O Sr Y,22.0,29.024477
2500,Lu Rh Sn,4.05,5.8836637
4168,Ir Sc Si,3.08,2.0034382
3928,In Mg,24.1,12.237344
3255,P Sn,10.0,2.6880832
786,Ba Ca Cu Ge Hg O,0.0,0.8338504
1852,As Cs Fe Sr,3.005,2.2342536
1959,Al Zr,14.0,4.1306386
3965,Cs I,63.5,76.028305
2628,B C Cu Y,2.955,2.1254857
885,Ba Cl Cu O Pb,4.08,0.21900609
4106,Hg O Os,20.5,5.9167857
4120,Nd S,6.5,18.942314
3998,Al C Y,2.75,5.6533704
2736,Ca Cu O Sm Sr Tl,28.4,21.175793
3988,As Eu Fe Ru,7.1,3.3207338
475,Co,1.25,1.395775
2916,In O Zn,42.0,55.48047
1545,Au Nb V,0.0,47.534195
1582,Os Pr Sb,9.0,2.331941
271,In Sn,56.5,76.92994
1457,Ba Ca Co Cu Er O Sr,0.0,-0.6470885
3098,Co Te,34.0,9.755895
2362,Si W,10.0,2.284753
1227,Be Ga,11.3,1.1707888
430,P S Zr,4.45,-0.024700329
406,Ni Si Sr,2.44,3.6446745
3682,Mo Ni,1.0,2.9722192
2641,Ir La Zn,0.6,0.77653944
3511,Cs F O W,0.0,1.5867937
3681,H Na O S Sn Ta,5.9,0.6006098
624,Cr Si,4.08,0.74411094
2133,As Ba Pd,2.05,-0.21902749
3434,As Ca Cu F Fe,3.0,1.3906564
158,As F Fe La O,0.0,1.5453873
3670,Zn Zr,6.2,1.1432421
3005,Ni Pr,6.9,10.860627
2163,Bi C Y,8.2,1.0399066
1120,As Fe P Sr,0.0,0.17452306
2882,Eu Mo S,2.07,1.1065887
1012,As Ca F Fe Ni,0.0,0.59042513
3206,Cs S V,0.954,4.351196
1220,Ba Cu Gd O Sr,72.0,53.964943
881,Nb Ta Zr,5.9,6.215761
1065,Fe Si Sm,0.0,0.31377268
1009,B Be,9.8,3.2874286
3372,Pd Se Te,0.0,0.6729791
1551,Bi F Nd O S,8.4,2.7295735
3807,Ir Si Ti,0.0,-5.9169745
3346,As Tc,2.48,0.57143795
162,B C Co Lu Ni,2.8,1.092738
2991,Ba Ca Cu O S Sr Y,0.91,2.128238
3993,Ce Cu Mo O Sr Tb,1.425,0.6123333
2032,Fe Sb,112.5,111.26558
1899,Cr Cu O Sr Tl,5.22,3.3384218
1217,Mo Os,2.68,1.8195561
1044,Ce Eu Gd La,8.9,5.016767
2608,Pb Te,3.05,1.8883561
1374,Pr Rh Si,8.5,1.9808025
783,Ba Cu Hg O Re,0.0,0.18921529
168,Ba Ca Cu O Y Zn,4.0,4.644014
391,Ba Cu Fe O Y,7.75,0.52054274
2856,La Si,1.17,1.7336147
2403,Sr,18.5,20.12315
1528,Co Ni Zr,0.96,1.2792574
533,C Y Zn,0.39,-0.56548333
497,In La Pr,0.0,1.4470223
433,Co V,5.2,3.4258366
2376,Cu Fe Se,0.996666667,1.4584278
2216,As Fe Ni Sr,0.0,1.0491642
176,Nb Zr,0.0,1.0131317
2925,Ba Co Cu Eu O Ti,1.69,0.80499995
3493,Ca Cu Hg O Pr Sr,0.0,1.5672632
739,As Ca Fe Na,1.625,9.929562
788,Fe Mo,0.0,-0.121103495
1616,Cr Re,6.2,1.0966163
3192,Ni Sn,36.0,12.429368
807,Ru Si Tm,3.05,1.3908719
610,Ca Cu Ga O Sr Yb,3.075,2.2738552
550,N Nb Ti,0.75,3.8198469
2743,In Pr,3.296,1.5898201
134,Au In,12.0,4.721782
503,Ce In Ir Pt,0.0,0.24891737
3287,S Zr,0.0,0.83245254
1537,Ge Pt Y,1.306666667,0.9926182
3295,Cr Rh Ti,71.0,67.38914
2059,Mo Pb S Se,1.95,1.5962927
604,Ca Cu La O Sr,0.0,1.8088026
4039,Ge Pd Rh Sr,3.7,6.5785427
3241,As Ca Fe Ho Pt,14.4,3.2300723
2223,C Cs Na Rb,0.0,2.9735794
921,Ba Ca Cu O Pr Y,0.48,1.9025882
1966,As Ba Cs Fe,0.3,1.9786348
2000,Al Tl,3.9,2.1113265
1903,Ce Cu Eu Nb O Sr,14.2,2.5749443
676,Bi In,104.4,79.50164
3687,Hf Ni Sn,3.9,0.73356605
99,Ba Cu La O Y,1.12,3.6720505
3999,Co Ge Pr,6.0,1.1906961
3468,Ga Se Ta,0.9,1.0367553
942,B Ta,14.0,6.3061566
2968,Gd Ir Si,2.3825,1.4306427
1575,Br N Ti,1.12,2.8788512
2479,Rh Ti W,86.0,68.62501
3878,Nb Rh Ru,1.5,2.0414298
110,Ba Cu O Yb Zn,60.0,49.711823
3061,B V,0.897,1.5442588
1385,Ge Te,6.6,-0.12633744
2992,C V,1.87,7.036149
1782,P Ru,3.2,0.36586845
3972,Os Sc Sn,0.0,9.342386
4044,Fe P Y,0.0,1.9166383
4139,As Rh Ru,0.0,-4.310312
2852,Co Mo Re,0.99,2.8959649
812,Co Mg Ni,7.666666667,5.5207686
2089,Eu Ga Ge,87.0,73.24698
2887,Fe Sn,9.7,4.425179
1466,Mo Pr S,0.0,1.5649816
956,Ce Cu O Pr Y,0.0,52.568142
2283,Cu Dy O,3.9,3.5091937
1871,Al Nb V,0.0,1.5038584
3473,Cu Mg Ni,35.0,16.320236
2764,Co Rh Si,12.0,13.178806
895,Cu Se Ti,3.755,0.8914423
1805,B Li Pt,22.0,3.4504125
471,Fe S Se Te,9.733333333,1.7274677
14,Ba Cu Nd O,6.2,6.0633717
3748,In Zr,1.38,2.1563997
3981,B Ce Ir,2.3,3.6745622
979,Co La Ru Si,0.0,0.20455743
2721,Ba Cu Er Fe O Sr,24.0,15.388328
2184,Os Si Tb,5.6,5.1876593
1948,Bi Pt Te,0.0,2.5496688
334,As Ca Co Fe La,1.77,1.7546799
83,Al Ge Nb,2.23,1.6357486
2936,Fe S Ta,40.0,0.7768228
849,Bi F La O S Sm,6.21,2.7884045
2490,B C La Ni,3.586666667,1.1944544
1376,Ce Ru Y,16.0,10.291768
1790,C Nb Ni,23.8,23.946154
1453,B Sc,0.0,2.5849912
1436,Mn Si,0.0,2.8260114
1808,Ba Bi Ca Cu Hg O,0.0,2.14068
1909,Ca Cu Gd O,0.0,8.459033
482,B Ho Rh,3.2,4.2471447
947,Be Mo Re,0.78,-0.3247786
3841,Mg N Nb O,1.7,1.648878
2040,B Ir La,6.45,1.13692
2339,Au C Y,0.83,1.46251
2381,Ba Ca Cu O Pr,5.765,3.1055424
1637,As F Fe La O Y,0.0,2.5333376
891,Al Cr Fe,5.584,1.4023418
993,C Ca Cu O Sr Y,84.0,80.98607
3894,P Pd Pr,5.7,0.8004533
1598,Cd Pd,0.0,2.418736
3341,Bi Cu O Sm Sr,0.0,50.059998
2817,Pb Se Ti,0.0,2.5033495
4182,Pd V,0.137,3.0442173
2257,Cr Cu Rh S,4.66,3.6844466
870,Ba Cu Fe H O Y,0.0,0.709708
1526,B C Fe Ho Ni,2.34,5.6424327
2656,Fe H Li O S,3.3,1.6782342
4067,Al N,0.0,-0.015498012
606,Ge Ir Y,3.933333333,5.3486
1225,Bi Pb Tl,30.4,11.328129
622,Ba Ca Cu Gd Hf O,0.0,1.5534563
3047,Pr Ru,27.0,41.13087
2309,Cu O Pr Sr Y,8.7,4.856628
1169,As Co Fe Sr,3.0,5.026054
4024,N Nb O Si,4.75,1.7362431
3317,Co Hf,0.54,0.6643239
732,Ba Cu La Nd O Sr,0.0,2.524737
3790,O V Zr,4.8,2.577227
1197,Ru Ti V,6.4,5.6319795
456,Nb Si,0.0,71.96828
1893,Ba Cu Ni O Sm,0.0,0.88559294
1472,C Re Y,0.0,-0.73484135
3591,Al Zn,0.0,0.973667
2335,Ru Si V,1.22,1.315194
3475,K O Sb Ti,0.0,-0.039789706
3073,C Cs Li,34.1,45.66545
1826,Fe Si,0.0,1.0814888
182,Cu S Ta,0.0,15.114404
3701,As Os Zr,14.9,5.732552
2523,F Fe O P Pr,5.343,0.6167091
2457,B F Mg,4.25,1.9490316
4188,Ba Cu In O Y,0.0,0.3631494
829,Na Sb,0.0,1.128744
468,Nd Os Sb,0.0,1.7588176
2229,Cd Tl,4.0,2.566355
1230,As F Fe Ni O Sm,0.0,1.2310413
3793,Ba,7.6,1.1422374
2781,Ce Pd Si,0.0,1.3369089
3893,As Ca Fe Pt Yb,4.875,0.915305
1935,C Cl Y,0.0,3.0703166
2134,C Nb Y,3.6725,4.1869307
3377,B Ho Y,0.0,1.2625716
344,Ba Ca Cu La Ni O,2.6,0.7283282
3861,B C Ni Pt Y,0.0,1.1881663
2295,O Sn,30.0,46.725327
932,Ba Ca Cu Hg O Re Sr,8.326,0.9672004
3338,Gd Rh Sn,27.0,24.007887
1340,Ba Cu Dy Fe O Sr,107.1,52.58513
1221,B Nb O,17.04,4.3804746
2576,Sm,12.3,2.3395283
3107,Nb,0.0,18.772959
2349,Ga Re V,0.0,2.0287697
1718,Ca Ce Cu Nd O,3.77,1.2195077
944,Ag F H O,1.0,0.84699273
1025,Ca Cu O Pr Sr Tl,3.9,2.159598
4108,Ge Lu Os,37.7,17.32645
4165,B Mo P Re,0.0,42.6234
924,Ba Bi K O Pb,6.2,16.393375
273,B Mg,94.3,35.261333
2003,C Mg Ni Ru,21.66666667,10.738469
1140,Ba Cu O Y Zr,6.9,2.3723361
3731,Ca Rh,0.0,1.7641295
3342,Ge Pd Si Y,17.0,1.4132384
3872,Bi Cu La O Zn,22.6,21.517412
2987,Re Ti,11.7,2.8915942
1624,Cr Zr,0.0,0.53653264
1673,Ca Pb Tl,77.9,82.09848
2539,Sn Yb,0.0,0.6470227
694,K S Ta,0.0,6.498608
423,Ba Ca Cu O Sr Y,0.0,0.70594716
131,As Co Eu Fe Sr,1.58,1.109564
2207,Bi F La O Se,32.6,2.4700513
1269,Hf Rh Si,8.733333333,3.3219063
3043,C Cs H N Na,0.0,0.8506421
296,B Li Pd Pt,0.0,31.222588
299,As Ge Mo,0.0,7.590628
3569,Ta Te,0.0,0.7707982
4041,Ba Pb Sr,0.0,0.8666165
1633,In Pd,92.3,81.28798
811,K Ni Se,5.3,10.752843
1542,Be Os,3.65,1.2499193
1201,B Ce Pt,0.0,-0.2518223
2798,Ce Co Hg In,0.0,0.40552273
3329,Br Hf Li N Zr,38.0,23.473827
3940,B Nb Si Ti,3.9,3.7241535
472,C Hg Rb,35.0,10.716939
254,La Os Pr Sb,20.0,2.153347
1823,Ir Sb,0.82,1.7910527
2796,Nb P Se,2.36,1.5316325
1625,B Mo Nb,3.5,0.7163758
3532,As H Ni O Pr,0.0,3.5688314
4020,Cu Gd Nb O Ru Sr,0.0,2.5571864
4100,Bi Er Pd,0.0,2.6006296
3851,Br Cl Hf Li N,3.0,0.17946823
2789,Cs Fe Se Tl,11.23333333,3.302575
1832,Ca Co Cu O Pb Sr Tl,0.0,14.13515
4133,Ge Pd Yb,4.2,1.9289063
3,Os Sn Tm,4.0,5.415211
3011,As H Nd Ni O,0.0,7.753119
2900,C La Sn,5.083333333,1.0556929
1491,Ba Ca Cu Fe O Tl,0.0,1.3799604
3228,Mo S Tm,4.4,1.4296336
1157,Cu Eu La O Ru Sr,73.0,79.7785
2398,Hf In N,2.05,2.5804532
2748,Mn Sb,13.4,15.566149
316,Fe Ho P,0.0,1.3306012
1835,Nb O,0.0,1.3844541
2561,Cu Ir Te,4.16,9.970825
2289,Ba Cu Fe O Sr Y,10.0,5.107384
649,Rh Ti,0.0,2.7678306
2564,As Ba Fe K Mn,36.0,15.897333
887,Al C Nb V,3.4,0.637328
244,Ba Cu O Tl,0.0,1.1534775
1162,La O Sr Ti,0.0,54.159927
1834,B C Ho Ni,8.888,0.06095536
2683,Cu Ho O Ru Sr,77.0,85.315796
2915,Ge Pr Pt,23.0,12.859916
2290,B C Ce Ir,13.7,8.526389
1601,Ba Ca Cu Eu O Sr,0.0,2.8189137
2154,Gd Ni Sm,0.0,0.55076337
1514,B Co Mg,1.073333333,1.1167406
1468,B Rh Y,0.0,18.213428
1076,Hg Sn,0.185,1.8479532
315,B Yb,2.85,1.0637993
3570,Ca Cu La O Y,1.15,2.7768452
1716,Al Nb Ta,0.0,0.8037174
2926,Ni Pd Y,19.5,18.184437
678,Ba Cu Ho O Sr,0.0,1.1843153
704,Ge La Ni,4.0,3.4580677
95,Ba Cu Li O Y,73.0,70.93732
929,Au Hg,0.0,18.648567
830,C Mo Ti,5.5,1.9445502
2910,As Ba Fe Nd,2.6,2.701245
1122,Au Pt Te,38.7,13.180078
1254,Ca La Ni O,0.0,-0.46269432
2498,P W,14.1,19.653006
2424,Rh V,4.9,4.77999
1144,Ba Cs Cu O Y,88.0,76.176605
1961,La P,26.0,55.474
440,As Fe Ir O Sm,2.1,1.8249193
1759,B C Pt Y,0.0,6.5788875
143,Nb Ru,0.0,1.5312434
1951,B La Y,21.0,32.064175
2913,Ce Cu Gd O Sr Ti,0.0,0.635572
2712,Cr,0.0,0.64726245
1260,P Pd Tb,6.4,3.297677
2899,Lu Rh Si,0.0,43.971
1987,Bi Ni,2.85,3.0958092
1489,Lu Pb Pd,0.0,1.6187338
3093,Cd O Os,0.0,1.6765345
449,As Ce Fe H O,1.09,1.2705072
1069,Ba Cu La O Tl,24.0,5.249561
2009,Ni Sb,0.0,9.555448
2322,As F Fe Nd O Ru,3.15,0.7301543
2935,Ce Ge Pd,10.5,5.8183007
3699,In Na Pb,83.0,56.072685
1942,As Ni O Sr V,3.6,2.2440994
3692,Cu S Zn,3.906,0.95601606
4125,B Ba Cu Nd O,9.985,3.6872647
4150,Cu Nb,18.12,19.952068
4025,C Ni Y,0.0,0.6325424
1281,Cu La O Sr Tl,76.0,48.51109
506,Ba Co Cu O,4.49,1.4918624
860,C Ca,0.0,-3.6526344
136,La Ru Sb,86.0,61.565887
630,Ba Ca Cu O Sr Yb,1.52,2.3762019
1238,Gd Ru,16.5,18.205126
145,As Ba Fe Pd,18.3,5.1775393
3779,Rh Sb,2.144,1.9483953
1874,Fe La O P,2.02,0.9564955
3691,C H Na,0.770428571,1.1004496
877,Al Cu La O Sr,0.0,3.1931777
3926,B C Er Lu Ni,0.0,0.28500637
361,Ca Cu O Sr,16.48,7.4134927
2454,B Ho Lu Rh,87.5,102.07295
1095,Ba Cu Er O Zn,0.0,1.7995559
3995,Ca Cu O Sr Y,0.0,0.4192765
3659,Mo Ru Te,0.46,0.9157697
4006,Lu Ru Si,0.0,4.150953
1544,Eu Mo Pb S,4.81,2.3467724
303,Co Mo,1.46,0.77411604
3267,Cu Nb O Sm Sr,1.3,4.6221943
477,Mo Zr,8.8,0.5496923
3229,B C Gd Re,0.0,3.1131763
201,Ga Mo,0.0,1.910939
2906,Bi Ce Ni,89.0,88.53755
1761,As Ca Eu Fe,4.7,10.819961
3752,Fe P Sm,15.48,8.503688
1168,Be Re,0.0,2.7876174
372,Ba Cu O Pr Tl,6.6,3.6500864
1687,Al Ca Cu Ho O Pb Sr,8.6,5.402839
1412,Ba Ca Cu Li O Si Tl,0.75,3.9730833
3103,O Sr Ti Zr,0.0,7.888402
3268,Ru Te,91.0,75.96112
2611,Br Cu O Pb Sr,0.0,0.26647943
3387,As Cu O Sr Y,0.0,-0.1739873
1519,Ca Cu Hg Nd O Sr V,4.92,4.4231715
3931,Cd Pb Sn,17.0,1.2098073
4034,Ir Sn Yb,9.275,0.6888077
1563,Ba Cu Mn O Y,2.1,1.8784553
4079,Ca Cu Eu O Sr Tl,0.0,63.20703
734,Ba Nb O Sr,8.6,0.6872889
3134,Sb Y,40.0,3.1983411
221,Pd Sn,3.5,0.46663436
493,Ba Cu Dy Fe O,77.0,52.79797
3959,B Er,7.42,12.59641
198,Ba Cu Dy Ga O,0.0,0.5078571
869,Ir Os Rh,11.32,2.982373
2803,B C Cu Ni Y,8.9976875,2.8461273
417,Cr Ge,7.75,3.1602924
2185,Al Nb Sb,3.42,2.3223455
3739,Fe P Tb,3.3,1.1515278
3386,Co Sc Si,7.8,2.3712354
715,Br Hf Li N,0.0,89.24946
1272,As Dy F Fe O,5.94,2.164106
6,Co Cu La O Sr,7.5,3.7648532
1681,Fe Ge Lu,0.0,1.8665193
2104,Bi Ga V,40.0,16.118858
3000,Fe Si Yb,127.0,123.04274
1664,Os Zr,8.71,7.1228766
3128,Bi Ca Co Cu O Sr,90.5,59.99731
818,Cr Ru,15.5,1.5888767
548,B Ba Cu O Sr Y,2.5,6.0924735
3464,Mo Sn,13.0,0.8118961
3599,Cd Mn,124.0,87.09581
10,Nb Sn Tl,2.2,2.732066
3394,B Er Y,0.0,0.94404984
4137,Bi Ce Cu Er O Sr,2.865,1.0969429
2844,Ce Ru Sn,0.0,1.8484126
1737,Ga Ta V,1.35,1.950015
1589,Ge La Pd Ru,0.0,44.578865
4203,Al C,26.0,15.537474
1327,As Eu Fe Ir,14.7,7.872888
3238,B Ir Nd,0.0,2.0016255
660,Au B C Ce Pt,12.7,2.18414
3480,Fe Na Se,2.1,1.5164798
2704,B Ir Tm,0.0,47.49386
2776,La Sb Y,0.0,3.498156
1146,Al Au In,1.56,1.9290085
2153,Ba Cu O Sr Ti Y,6.6,1.5408422
3319,C Ti W,0.0,0.8165481
3742,Ba Cu Gd Ni O Y,9.0,0.66340375
1433,Ce Cu Ho Mo O Sr,45.0,55.944492
1611,Bi F O Pr S,41.4,12.946958
3376,B Co La Y,12.8,8.674697
599,Y Zn,7.2,1.433957
3767,Pd,2.3,0.6821438
2622,Hg Pb Sm,0.0,1.5777656
1828,Ba Cu Gd Mo O,17.35,18.416649
2524,C K Tl,16.0,18.341991
3612,Ba Cu O V Y,8.905,1.6981837
1389,Ca Cu Ga O Sr Y,79.4,62.781075
3042,Ga Sr,0.0,3.1108658
2866,Cu Gd Li O Ru Sr,0.0,0.2943619
1660,Te W,0.0,0.38422036
2585,Au Si Sr,0.0,8.287965
2680,Co Rh Ti,1.99,1.774019
3901,B C Ce Os,0.0,3.1117435
349,Ce Cu Ho O Ru Sr,0.0,0.80819774
2870,Li S Ta,2.96,1.5336268
1004,B Fe Mg,10.7,1.8465503
1490,Ce Cu Gd O Ru Sr,0.85,0.21996194
673,Al Ca Ga Si,6.855,2.671203
702,Ce Co Rh,4.965,3.881909
945,C Cd Ni,0.455,0.95203066
901,Ce Te,8.92,1.8221748
3182,Ba Cu Eu O S,72.0,6.3370147
3781,Ba Cu O Tl Y,3.2,3.3549361
350,Au Cd,2.27,2.2327912
1131,As F Fe O Sm Te,38.25,14.566539
1032,Ca Cu O Y,7.25,1.5409667
3100,Os,88.0,61.81385
2653,As Dy Fe La O Sr,8.58,20.968542
1680,In Sb Sn,90.0,64.17894
3276,Ba S Ta,0.51,2.1941934
1764,Ga Zr,9.61,1.081411
4187,Nd Ru Si,5.74,3.9258783
2330,Fe Na S Se,18.0,36.62518
3971,N Sc,0.0,1.0232241
565,As Nb Pb Sn,10.0,16.054535
2171,Al C Ta,2.8,1.097505
2264,B Ce Rh,6.18,1.8257676
3571,Re Si Ta,0.0,0.1141929
3141,Bi Pt Se,0.93,-0.16296133
987,As Ca Fe K,4.81,1.2223972
583,Bi Cu O Pb Sr Y,4.53,0.9861728
832,Ru Zr,0.0,1.5526842
236,Cu Er O Ru Sr,1.3,2.5516186
2761,Lu Pt Si,10.1,8.348197
3147,B Dy,0.088,2.5650368
1768,Bi Ca Cu O Sr Tm,4.46,4.179949
2020,Hf K,17.0,16.112707
4069,Bi Ce Cu Eu O Sr,6.666666667,0.5257389
2835,Se V,4.2,3.0990772
581,B Er Ru,3.5,1.6241084
1474,Si Ta,14.0,47.262444
590,Nb Sn,6.2,1.3691574
1234,C H K N Rb,2.64,1.9912058
2233,Os Rh,0.0,71.25904
206,Al Ge V,35.0,44.42156
3553,Ba Cu La O Ti Zn,2.68,-0.96595037
340,Ag Tl,24.0,-2.3959143
3635,Ir Lu Sn,64.4,75.911575
2762,Nb Pb S Ta,91.3,16.934778
2677,As Ba Ni P,0.0,0.11632554
1429,B C Ce Rh,0.0,0.36412978
3264,O Os Rb,29.6,14.729354
141,Gd Pt,6.79,5.215978
2448,Gd Ni,0.0,69.987
3195,O P W,0.066,1.969834
3528,Pd Pt Te,7.2,1.6661884
2923,Mg Sn,0.24,-0.3468854
2193,Cd Mo Se,3.2,2.3154576
2076,Hf I Li N,0.0,44.093533
816,C Hf Zr,0.0,27.220963
3803,Br Mo Se,5.95,0.418242
3044,Nb Y,32.0,0.22671863
411,S Sb Ta,86.9,58.36373
3430,Al C Cu Nb,0.0,1.366943
2607,Pb Pd,1.655,2.2047088
385,Bi Pb,0.0,0.96388376
2651,Nb Re Ta,0.0,0.37187934
3734,Ba Ce Cu Dy O,0.0,0.08318512
3746,Bi Ce Cu Gd O Sr,17.0,0.4902645
3644,Al Ge Y,0.0,18.818672
1618,Ca O Ru,7.07,3.8046238
3934,Ca Cl Cu Gd O Sr,15.2,44.362934
3497,Mo Rb S,2.63,4.6172824
16,Ba Cl Hf N,9.1,10.629165
912,Cu Dy O Ru Sr,50.0,24.227238
1724,Fe K Se Tl,0.0,5.938107
229,Bi Hf La O S,6.0,4.086433
2820,Cd Cu O Pb Sr Tb,0.0,2.186499
667,P Pb,4.3,2.8459816
547,Bi S,28.93333333,8.018163
4107,C Gd,36.9,22.49471
1634,Al Ca,0.0,1.7834915
500,Ba Cu Hg Mo O,5.6,2.5956023
1105,Al Ca Si,2.6,1.108892
213,Ag Se,1.60125,1.2538446
2877,Eu Nd S,5.3,3.546027
25,Hf Nb Zr,1.9,3.8379645
2333,Ge Nd Pt,69.0,49.194336
2025,Ba Cu La Nd O Pr,1.2,4.714914
1728,Br Ca Cu Na O,0.0,13.106067
3036,Ce Cu Ga O Sr Y,0.0,4.7443786
1111,Mo Ti V,75.0,55.430904
3186,Nb Sb Sn Tl,1.92,1.6550801
2732,C Yb,2.1,0.83077013
230,Cu Gd Nd O Ru Sr,14.42,6.0172157
3525,Bi Rh S,0.763,0.71650183
3175,Ir Pt Rh,3.7,0.58098054
3662,B C Cu Lu Ni,16.6,7.764603
1605,Mo Pb S,51.0,21.967524
875,Al Ba Ca Cu O Y,86.0,82.73894
3819,K,40.2,34.5391
511,Al Nb Sn,44.4,20.044312
1332,Fe Lu Sc Si,0.0,0.8613075
1127,Bi Cu O Sr,8.6,2.1292396
1153,Mo Pb Se Yb,0.0,57.97869
2359,Li Mo S,0.0,15.673774
3474,Ca Co Sn,0.0,1.7134236
911,C La,0.037,0.63600314
1521,La Se,5.998272727,0.83713615
3921,B Ca Cu N O Sr,8.7,2.7644727
884,Rh Se,0.0,0.40346456
3985,Ba Co Cu Nd O,60.0,54.39831
2822,As Ca Er Fe Pt,0.0,6.8153644
1075,Cu La O Sr Ti,5.936666667,1.9216124
3411,Ge Ho Ru,31.6,37.73003
3438,F K Li O W,0.0,2.7433352
166,Cd In,0.0,1.6323608
2377,Al C Mo,27.0,10.130358
2152,Ba Cu O Rb Y,2.226,2.0127594
3801,Al Si Sr,0.0,1.5016787
3404,As Bi Pb,22.7,14.928328
2075,Bi Se Sr,6.95,6.938165
897,Nb S,0.0,21.402561
2546,Au Sb,0.0,0.08428657
2931,B C Nd Pt,3.5,5.129791
3197,Cu Li O Sr Y,4.5,1.3360103
3374,Hf Ni,0.906666667,1.7031275
442,Er La,0.0,1.4988401
2517,Al Pd Y,4.17,0.7783581
3805,Ba Cu Ge O Sr Y,2.1,2.0507395
886,Cr Cu O,30.0,28.508339
125,As Ba Co Fe Mn,116.0,101.22366
2125,Ba Ca Cu Hg O V,5.25,4.0309935
3976,Ca Fe O Zn,0.0,2.852197
2129,Ce In Pt,2.36,2.6552866
1015,Sn Ta V,0.0,0.63043
3580,Al N Nb O,1.8,1.0801837
2259,La P Pt,44.0,10.604141
3555,Ba La Nb O Pr,0.0,1.0234307
3541,Mo Rh Ti,3.273333333,1.1528683
3802,P Pt Sr,9.55,1.0268447
537,B C Ho Lu Ni,1.5,2.2246454
2012,F O W,3.78,1.4187058
4170,Ba Cu Gd O Ru Sr,14.05,6.5913296
335,B C Ca Cu O Sr,91.0,74.19861
3285,C Ru,5.075,1.2322317
1547,Ag Cd,86.0,90.281975
2310,B La Ru,0.0,22.114319
1245,Ce Cu O Sm Y,0.0,1.3008738
801,Cu I Y,0.63,1.8564335
675,Ir Y,7.05,16.090963
123,As Fe H La O,0.0,1.6487569
597,Sb Ta,3.1,6.646663
2645,H Li Nb O,49.0,89.52884
2912,Ba Cu O Sr Tm,2.74,3.8681645
3368,As Fe La,1.04,0.34648436
2316,As Co Fe O Pr Sr,12.5,3.3988125
3811,P Pd Yb,3.293333333,1.6931754
623,Ba Cu O Sm,93.0,64.502815
2320,Mo Pb S Sn,3.09,4.2905784
3082,Ca La O Rh,12.5,2.2855616
3261,Ba Bi Ca Cu O Pb Sr Tl,7.0,4.857345
280,Ir Nb Ta,84.5,74.833466
1797,Ag Ge Pd Sr,1.7,4.8756905
3359,S,0.0,2.489446
3728,As Pd Sr,7.0,2.2601082
1431,Pt Sn,8.6,1.6454011
3324,Ba Cu Fe O Yb,0.0,1.5343981
1658,La Rh Si,2.4,2.1296794
2672,Ba Cu Fe Ho O Sr,105.2,84.58356
1622,Fe Se Sn,2.9,6.332874
764,C Co Mg Ni,13.0,2.0974522
1288,Ba Cu Er Fe O,93.0,85.6261
171,Nb Ti V,18.25,11.739665
4097,Na O V,7.0,1.6843942
3138,Ba Ca Cu La O Zn,6.97,27.45065
3165,As Ba Pt,0.0,1.7271026
969,Ba Co Cu Er O,13.5,18.535683
227,B C Mo Zr,0.0,0.23463228
2387,Bi Ce Cu O Pr Sr,79.0,59.494755
164,Nb Sn Ti,0.0,2.8921516
2837,Ca Cu Gd O Sr Tl,0.0,0.28308254
2599,Co Ge Pd Sr,8.3,1.415619
3718,Bi Cu Te,1.13,3.9540997
2415,Be Nb Zr,25.5,19.59689
1159,Al Re,0.0,-0.1850479
1713,In Nb Sn,0.0,32.093727
2181,Be Co,7.7,2.3254952
1199,Ba Cu Ga La O,4.13,0.56219006
1003,Hg In Pb Sm,3.76,3.826977
2100,As Ca Fe Mg O Ti,28.0,19.844517
480,Cs O W,11.1,4.6267037
2739,Ba Cu O,3.1,1.4722583
2603,Co Ga H Na O,16.6,1.4655956
2157,Tl,0.75,0.23980236
424,As Fe Ni O Sm,4.25,1.2275472
1174,C Ti Y,2.516666667,3.7674468
3035,As Ta,25.0,31.67371
2509,Al C Cr,15.32,6.0942473
1256,B Ba Cu Eu O,3.94125,0.8288131
3395,Bi Re,2.4,1.4680356
560,Cr Ga V,32.0,7.5543265
1936,Ag Ce Sb,2.9,1.5147053
2754,Ir Si Tm,8.86,4.878982
789,Ba Cu La Nb O Pr,6.69,3.6318648
1981,Ca K Li Nb O,5.5,6.4901714
1750,Hf W,4.4,3.520818
3322,Cs Mo Se,36.5,-0.085493416
1708,Rh Si Y,31.5,15.437139
730,Dy Ge Os Y,0.0,1.8632369
1018,Cu La Na O,27.0,35.376904
2256,La Rh Sn,6.8,1.875013
1666,Cu Hg Mo O Sr,1.415,0.4617821
1082,Ba Cu Er Ga O,13.2,7.360433
3321,Ho P Pd,4.2,2.299227
2235,B Pr Ru,1.835,2.9395397
35,Al Ba Cu O Sr Y,16.3,1.0234596
4078,Eu S Yb,7.34,3.758917
2696,As Fe O P Pr Sr,18.01,11.018566
1504,B Mg Sc,117.6,94.55976
3271,Tc Y,42.8,0.14764586
130,B Ir Lu Y,0.0,59.32047
3700,Ag Cl,3.959,1.6558949
3566,Ce In La Rh,1.966666667,3.1827688
1516,As Co F Fe Nd O,0.0,-0.009701043
1318,Mo Si V,12.85,3.666987
374,Ru V,0.0,-0.96983314
903,Hg K,0.0,1.0029917
3880,C I O,2.2,2.6622667
3578,As Ga Nb Sn,3.0,1.230817
3510,Bi K O Sr,6.95,2.697321
2493,Zn,0.0,4.2964907
1552,Ba Ca Cu Er O,2.1,1.9567212
3595,Ce Cu Eu H O Ru Sr,10.6,2.1497977
2212,Cu Gd O Ru Sr,7.4,0.45426384
3648,Al As Ga Nb,0.0,43.133575
309,Ga V,92.0,22.340204
3072,Ga Ge,16.7,22.977993
1398,Be Rh,4.0,59.314526
1059,Ga Nb Ni,3.6,1.5913501
3270,B C Ni Tb,14.0,9.915069
522,Cr Nb,29.8,11.693112
292,Al Be,5.1,2.053597
2353,Co Cu Zr,4.4,0.7135478
2409,C Rb Tl,48.2,17.769533
2079,Bi Ce Cu O Sm Sr,9.4,8.4027605
3536,As Ir La,0.0,0.4881653
3125,Ir Mo Nb,0.0,1.5818942
191,Nb Ti,10.054,1.4969476
2537,Bi Ce,1.7,2.642996
1689,Mg Y,4.0,10.7814455
3225,Ge Nb Si,0.0,0.95415056
2484,Bi K La O,4.6,1.4252813
1395,C Cu La Ni,91.4,49.667404
652,B Os,30.4,17.934244
3581,B C Mo W,0.0,13.1335
2955,Br Cu Li O Sr,13.4,21.024338
3772,B Y Yb,83.0,11.200351
1399,Cu Mn Zr,1.05,0.21589048
1799,B Ta W,4.81,2.1684034
75,Ce In Rh Sn,76.0,82.584854
1755,Cs F Li O W,19.5,25.116882
3906,Au Cu La,38.2,28.69148
529,Ba Bi K O Pr,28.0,17.622467
2834,Ir Pd Pt,2.79,5.578294
215,Cu La O Zn,5.1,2.4562826
3232,Fe Nb Si,10.7,9.030513
1833,Ga Nb Zn,4.3,1.4506269
281,Ce Cu O Sm,0.0,0.93594015
1623,Ba Cu Dy O Pr,0.46,0.10684891
2662,La O Rh,1.658,1.9321496
2827,Mn P,0.0,2.2118232
3638,B Ru Sc,1.78,1.2271386
2828,Na Nb S,0.0,2.6123466
3187,Cu In,0.081,3.0194533
2390,Rh Sn Yb,0.0,5.002155
2370,B Lu Ru Tm,2.1,3.063902
100,Pd S,2.84,2.305435
4017,Sc Si,3.52,1.9367102
640,Nb V Zr,83.0,92.29372
2505,Nb Rh Ti,17.98,23.89007
985,B Ru Yb,6.6,2.3513167
389,Ba Ca Cu La O Y,1.2,0.9654908
3637,As Hf Os,0.7,1.0221432
3671,B Ho Os,0.0,9.302044
2087,Fe Lu Si,1.27,1.2979065
1524,Cu Dy F O Sr,0.0,1.2612127
1203,Ba Cu Lu O Pr,0.0,0.40548444
3615,Zr,2.625,0.41824228
859,Ba Co Cu Gd O,0.0,18.838789
3130,Cu La O Rb,4.0275,1.4280546
854,Ca Cu O Sr Tl Y,0.55,0.87922287
1763,Ho Ir Si,2.25,2.3039448
2513,As Te,10.1,3.2181113
1938,Fe Lu Si Tm,88.0,84.79239
1299,Ba Cu Eu O Zn,100.0,41.58803
2966,C Ti,6.5,0.65298533
371,Nb Os Rh,0.0,0.67743134
1391,Ni Se Tl,0.0,0.8561038
1100,Ba Ca Cu Nd O,25.0,19.15744
2435,K O Re,112.0,70.89241
155,As F Fe La O Ru,7.3,3.969043
2847,La Ni O P,1.24,3.423115
3291,Ag Mo S,0.0,45.977013
3306,Ba Mo S,80.4,48.134445
1121,Ba Ca Co Cu O,13.0,-0.7289803
2687,Hf Ru,0.0,30.790112
1257,Ba Ge Ni,124.0,106.364784
698,Al Ge,0.0,1.927153
2384,Cu Te Zr,0.0,54.943832
329,Cu Fe O Sr Y,88.0,30.912308
3114,Ag Cd Sn,32.5,13.701379
1919,Ba O Sb Ti,80.0,73.66225
4071,Ca Cu Ho O Pb Pt Sr,0.0,11.80058
973,B Ir Sm,0.0,0.97504187
1684,Mo Pb,0.135,0.5786729
2698,B Ca Cu O Sr Y,1.4,0.6211042
346,Li O V,36.0,27.195889
1607,B La,37.9,73.1192
1715,Ba Ce Cu La O Sr Y,11.25,4.2934623
781,Bi Ca Cu Ga O Pb Sr,0.0,2.916267
22,C Ga Ni,0.0,6.0604377
1795,Fe Ni P,4.4,5.813327
2005,Ho Os Sn,0.0,0.36581746
2531,La Pb Tl,2.95,1.6101547
3004,Ti Zn,6.7,2.0897973
1786,B Lu Rh,9.2,4.4816294
260,Ag B F O,0.0,1.5646756
960,C Y,4.6,1.5115896
61,As Ba Co Fe Zn,5.61,2.3271077
327,Fe K Mn Se,0.0,0.028750703
902,B Ru W,0.0,48.546555
664,As Fe O Pr Sr,53.0,44.29339
3091,As Co,90.0,98.88199
2473,Cu Sn Ti,0.0,0.6468767
2756,Ce Co,114.0,60.614334
1387,Co Pd Sb,0.85,1.1333555
1573,Ce Cu Ge O Sr Y,0.39,0.40219814
852,C Dy,2.11,1.3079612
3795,Ce Co Ir Si,131.3,123.952515
1098,Nb Pd S Se,0.075,0.7298435
2231,Ni Te Zr,0.0,0.6950575
938,B C Mo,6.0,3.4936125
3051,C I Y,30.0,8.334541
3097,As F Fe O P Pr,2.835,1.0570047
1267,B Ru Tm,112.0,60.886723
3227,Bi In Nb Sn,24.3,48.97781
3297,B Dy Ir,0.75,0.9597374
2,Mo Ru,0.0,19.83739
23,Gd In La,5.2,5.763191
3839,As F Fe O Tb,1.97,1.8502278
1880,As Zn,2.98,-0.334232
4082,Ni P Zr,3.1065,0.8681849
3358,Al B Mo,0.0,0.5945052
1415,C Rh Ta,0.44,0.13422251
3726,Ce Cu Eu Nd O Pb Sr,2.82,0.4240987
3454,Pt Sb Sr,0.0,2.4382427
4019,La Mo S,0.0,1.024933
3619,Be Ti,90.0,60.326843
2711,Ba Cu Hg Mn O,11.67,16.945587
1662,Ba Ca Cu La O Pr Sr,4.086666667,0.7257142
3568,Ba Cr Cu O Y,8.22,2.1412752
209,C Mg Mn Ni,4.7,2.5215428
2552,Er Ru Si,18.4,3.8143456
1752,Ir Re,1.63,-0.9555062
1849,Ge H V,3.5375,0.9887637
2094,Ce Cu Dy Mo O Sr,30.0,18.734526
233,Cd Mg,7.44,2.435251
240,O Pd Zr,78.0,24.07074
3445,As Co Eu Fe,0.0,74.340004
1739,Ti Zr,23.6,17.619518
359,Ce Ni Sb,78.0,54.645035
2342,Mo Pd Sb,0.65,1.0145621
74,Fe S Se,1.88,1.332678
892,S Sr W,0.0,-0.35006568
3534,C In Y,74.0,47.161407
3015,La Sb,0.0,1.8013495
1968,As Fe La O Sr,3.5,2.1317537
3521,B Ru Sm,0.37,2.543913
1040,Nb Re,16.0,3.530782
3565,Co Ta,0.0,6.386422
