phases,average probability Tc>10K
Fe N Nb,0.7466314495666666
Fe Li N,0.7390973720666658
Fe Ga N,0.7383141670333336
C Fe N,0.7351722545333336
Fe Mo N,0.7342922102999998
Ba Fe N,0.7329716299999997
Fe N Se,0.7324475944666669
Ca Fe N,0.732243800966667
C Mg N,0.7304815036000012
Fe Mg O,0.7302249473999998
Li Mg N,0.7291407040999996
Ga N Nb,0.7262040268000004
Ga Mg N,0.7261439773333329
C N Nb,0.7260201593999995
Fe N Zr,0.7249707216999992
Mg Mo N,0.7229428776333339
Fe Ga Nb,0.7226522493333333
Fe N Sr,0.7226014144333339
Cl Mg N,0.7217572450000003
Cu Fe O,0.7197190899666662
Fe N Sn,0.7193798928000006
Fe Mn N,0.7191628698333334
Fe N O,0.7185645245333335
As Fe O,0.7174971345333339
Fe N Y,0.7173439894999996
C Mo N,0.7169510802666672
Fe Ga V,0.7156595226333331
Li N Nb,0.7142971600333333
Mo N Nb,0.7142310516666669
C Li N,0.7130598878666666
As Fe Nb,0.7112670079999994
Al N Nb,0.7111305683999998
C Ga N,0.7102274755333332
Ga N V,0.7101229266333335
N Nb V,0.7096105170666664
Ca Fe O,0.7090372963133332
C N V,0.7089621791666665
Ba Fe O,0.7087148521999999
B Mg N,0.7076755899333336
Fe Nb Se,0.7075193506333336
C K N,0.7074995007
Ca Mg N,0.7064752008333335
As Ca Fe,0.705843367133333
C Cl N,0.705588881566666
N Na Nb,0.7055770334333332
As Fe V,0.7055077794333333
N Nb Zr,0.7053723537333334
Ba N Nb,0.7036688034999997
As Fe Ga,0.7034148456666662
Fe N Pt,0.7022842055999998
C N Na,0.7020015374666664
Ca N Nb,0.7018822444666664
As Ba Fe,0.7016683235333335
C Ca N,0.701430475333333
As Fe K,0.7007498464666675
Fe N Ta,0.7006435674333334
Fe Nb Sn,0.7005085157999994
Fe Ga O,0.6997219211999997
As Fe Se,0.6994163159000001
Al Fe Nb,0.6993787694666664
Fe Se V,0.6993440615999998
As Fe Li,0.6992005494333331
Ba C N,0.6991473391666662
Fe Ga Se,0.6988100413999997
Li Mo N,0.6987749192000005
H Mg N,0.6984573135666663
Fe H Mg,0.6981474553999998
C Fe O,0.6979527922833335
Ga Li N,0.6974987846333337
As Fe Na,0.697205448966667
C N Zr,0.6972014804333332
Mn N Nb,0.6971584065666668
Mg N Sr,0.6968929718999998
C Fe V,0.6967349173666666
Cs N Nb,0.6966164045666667
Fe K Se,0.6960196889666664
Cl Li N,0.6947552416333331
Br C N,0.694202952533333
As Fe Mo,0.6940977791999998
Li N V,0.6940010744999995
Cl Mo N,0.6939214435666673
Fe Mo Se,0.6935588052333337
C Fe Mo,0.6932397576999999
As C N,0.6932344688666668
Fe O Se,0.6929120314666668
C Cs N,0.6923577141666665
C Cu N,0.6916880571000005
Fe Mo O,0.6916868025666671
Ba Fe Se,0.6909575973333331
Fe Na Se,0.6907330728333331
N Nb Sr,0.6906137733333331
Cl N V,0.6904286783999997
C N Rb,0.6904237357333332
Er Fe N,0.6902261246999997
Fe Nb O,0.6900429567666665
Mo N Na,0.6892746335666673
Fe K O,0.6889088885000002
C Mn N,0.6881399711999996
Fe O V,0.6880430571666661
Cu Mg O,0.6871575311999996
Ce Fe N,0.6861742139333336
C N Sr,0.685746075666667
C I N,0.6853805748666669
C H N,0.6853727068000003
Al Fe O,0.6848613073333332
C N Se,0.6847001383999999
C Fe Ga,0.6846446710833334
Fe N W,0.6845006262666671
Cr N Nb,0.6844730642333335
Cu N O,0.6842502751333333
Fe Nb Zr,0.6839587761333334
Al N V,0.6838640038799999
Fe Li O,0.6838011576799999
Hf N Nb,0.6836948834000002
N Nb Zn,0.6835688234666669
Al C N,0.6834653561999999
Al Fe V,0.683199460066667
Mg N O,0.6831258131333326
F Mg N,0.6828485029133332
As Cs Fe,0.6828360089333333
Fe N Rh,0.6827557086333337
Ge Mg N,0.6827258673666668
Fe Ge N,0.6825928011666669
Li N Zr,0.6825142115999996
N V Zr,0.6823651093999998
Fe N Pd,0.6820274224000002
As Fe Sr,0.6818278524333328
Cl N Zr,0.6818265754666665
Dy Fe N,0.6817768527333335
As Fe Rb,0.6817383116666669
Fe Nb Zn,0.6813312725799996
Ba Mo N,0.6811369415666666
Fe O Y,0.6807321185333332
Cs Fe O,0.6806933465000004
Au Fe Nb,0.6805939828999995
Fe N Sm,0.6805184043333337
Fe Sn V,0.6802190630666664
La N Nb,0.6794709462666667
Fe N Yb,0.6791062972
As Fe Mn,0.6790737547
Fe Rb Se,0.6789969575999997
Fe Na O,0.6786901281333328
Ba N V,0.6783458227333338
B N Nb,0.6775131530666667
Mg N Ta,0.6773909264666672
Cs Fe Se,0.6773349978999993
Fe Lu N,0.6770454964000002
C N Zn,0.6770202358999997
Fe Nb Te,0.6765944932333329
Ca N V,0.6763551845666668
Cs Mo N,0.6763184996666668
C N Tl,0.6759927044666668
Cu Li N,0.675303302366667
Au C N,0.6751805863666671
Li N Na,0.6751709773666665
Fe Mn O,0.6749643914999996
Fe N Nd,0.6749557315333334
B C N,0.6747554804333339
Mn Mo N,0.6745501086666661
Fe Mn Se,0.6743313298333334
Ba Ga N,0.6742434215333329
N Nb Ta,0.674012761366667
Ba Li N,0.6740011350000004
As F Fe,0.6739556673
Cl Fe Se,0.6739541461333336
C Cu O,0.6738632691666664
B Fe Nb,0.6736435514333338
C Hg N,0.6732619108666668
Fe Ho N,0.6728989909333336
Be Mg N,0.6727602129666667
Fe N Pr,0.6726663347333328
F Fe Nb,0.6726552731333335
Fe O Rb,0.6725206303666665
Cr Fe Nb,0.6722252533333336
Ba Cu O,0.6721596726333334
Br Li N,0.6719134669333331
Mo N Sr,0.6718074748333323
As Cu Fe,0.6715449820333336
Mn N V,0.6714844541333336
Ba Cl N,0.6713983725666661
Fe Gd N,0.6713236530666667
Au Fe O,0.6711904796333333
C Ga Nb,0.6708352308
C Cr N,0.6707827269000001
Fe H O,0.670332294966667
C Hf N,0.6703239932666667
C N Ta,0.6701990765999999
Ca Cu O,0.6700405322999999
Fe V Zr,0.6696821923333329
As N V,0.6695347094999996
Ca Cl N,0.6694450764666667
C N Te,0.6691867642666671
Fe N Th,0.6690820066333332
Fe Nb Pt,0.6690784420999996
As Ga N,0.6685938908666667
Br Fe Se,0.6685816434666666
C Fe Y,0.6684007905000001
Ca Li N,0.6683284728666664
Fe O Sr,0.6678365718333329
Al Li N,0.6677189391666665
Ga Nb V,0.6673008370000002
Ca Ga N,0.6672715279666669
Fe N Ni,0.6672384327333335
Fe Se Zr,0.6671674806000001
Fe V Y,0.6671075033666667
C N Pb,0.6668823211000002
C Cd N,0.6662378063666669
Ga Mn N,0.6661617150666669
N Sr V,0.6661590346
Cl Fe O,0.6661290864133339
Co N Nb,0.6660857087666664
Cu Fe Se,0.6660346317000001
C In N,0.6656052008000003
Ce Fe Mg,0.6655303612333334
Fe O Zr,0.6653255207333334
Fe Te V,0.6652103915333332
N Nb Sc,0.6651645463666668
Fe I O,0.6649466389666665
Al Fe Mo,0.6648350582333334
H Li N,0.6647899943666667
C La N,0.6647617224000003
Fe Ga Mn,0.6645362617999999
Al Ga N,0.6645108150000001
Ag C N,0.6642469519666669
Cr Fe O,0.6642355706833325
Cd Fe O,0.6640480531999996
I Li N,0.6637398335
Fe O Zn,0.6634927481666669
C N Pt,0.6631647243333331
Fe Ga Zr,0.6631306198000003
Mg N P,0.6629027321
Fe Se Zn,0.6628307199999999
Ga N Sr,0.6625377026666666
Fe O Sn,0.6622018176000001
As Fe Te,0.6621910276666667
F Fe O,0.6620892696000006
Fe Mo Zr,0.6617454455999998
B Fe V,0.6617379315333332
Li Mn N,0.6616841811000002
Cl N Y,0.6616002439333335
C Fe Mn,0.6613301825999998
C Mo Nb,0.6610014584333334
Cl Fe K,0.6609745092333331
Bi Fe O,0.6608213881466664
Mg N Si,0.6606814584
Fe Ge Mg,0.6605861745
Co Fe Nb,0.6603176278999993
Fe Si V,0.6601194298999999
Fe O Tl,0.6589625514799997
Fe Ga Y,0.6585988864666668
Fe Se Tl,0.6585641074
Fe La O,0.6584868455199997
Cr Fe V,0.658249731833334
Ba N Zr,0.6581789104
As Cr Fe,0.6579501760333332
Cr Fe Se,0.6578900733666674
Eu Fe O,0.6577991902000001
Fe Mo S,0.6576625847999996
N Sn Zr,0.6574428526
N V Zn,0.6573311334000003
C Eu N,0.6572900239333329
C Ga V,0.6572379812333332
C Fe Zr,0.6570911746999998
C Fe Sn,0.6570262538333334
Fe Se Te,0.6567527120333332
Cl N Sr,0.656422424333333
C Cu Fe,0.6564069372666667
Er Fe O,0.6562500313000003
Br N Zr,0.6562058966666663
Hf N V,0.6560347479666668
Fe Nb Sb,0.6559992023333335
Cr N V,0.655861006866667
C Nb V,0.6557849750666669
Be C N,0.6557512839999995
Fe Ge Nb,0.6555235302166668
C Co N,0.6552566086333338
Au N V,0.6551518445000002
Fe Mo Y,0.6548461254666668
Fe N Tb,0.6547847350333335
Fe In Se,0.6544764162333334
Ag Fe O,0.6544084761999998
Li N Sr,0.6541367154000002
Cl Fe Li,0.6540903105000004
Mo N Ta,0.6539894070333333
C Mo V,0.6537337940999998
C N O,0.6536390889999998
C F N,0.6534995020000001
Al Ga Nb,0.6533594334000001
C Fe Zn,0.6533451771666665
Br Fe K,0.6532524342333332
Fe N Tm,0.6532061155000003
Fe Nb S,0.6531143035666669
Cl H N,0.6528298243
N Ta V,0.652781166433334
Fe In O,0.6526141376666662
Cr Ga N,0.652437828
Ba N Na,0.6524180694000004
B Fe O,0.6523986017
Ga Nb Sn,0.652176566733333
Fe Nd O,0.6521395654166665
Fe Nb Si,0.6520362717333332
Fe O Te,0.6519581612000003
Er Fe Nb,0.651876385533333
Mo N Pt,0.6513456031333336
Fe Hg Se,0.6512450828333338
As Fe La,0.6511167726999998
Al N Zr,0.6509746084133333
C N Si,0.6504821872666665
Cd Fe Se,0.6503228508666664
N Nb Ti,0.6502464016333335
Ge N V,0.6501098997333332
Cr Fe Ga,0.6500580301333334
N Na Sn,0.6499804835666666
Al C Fe,0.6496340676466668
Cr Li N,0.6494459818666666
H K N,0.6494123972333339
Cl Fe Na,0.6491737287333332
C Nb Sn,0.6490595522333336
Cl N Se,0.6485594936333334
N Sr Zr,0.6485176109
C N P,0.6483217254666667
Fe Ga S,0.6481846227333331
Fe Ga Te,0.648033939733333
Li N Se,0.6478795945000003
Fe Nb P,0.6476940896133333
B C Fe,0.6476813274133332
H N Zr,0.6473242189333327
Cl N Zn,0.6469820037666664
Mo N O,0.6467656340666669
Fe Sb V,0.64648714312
C Lu N,0.6464647664333336
As Fe S,0.6463754825000001
N Nb O,0.6463673634333336
As Fe Ta,0.6463647786999996
Bi Fe Se,0.6463574693333336
B Ga N,0.646052646233333
La N V,0.6459304254999997
As Co Fe,0.6458711937666666
Li N Zn,0.6456418495000004
C N Pd,0.6455119685333338
Ba Cu N,0.6452940489666668
Br Fe Li,0.6452454064
I N Zr,0.6448320695666673
Co Fe V,0.6438412930666663
B Fe Mo,0.6438247884666667
B C Mg,0.6438060675333334
Al Ca Fe,0.6435785955666672
Fe K Te,0.6434472014666668
C Mg O,0.6433818095333337
Cl Hf N,0.6433217172333326
C N Sm,0.6431862245666664
Cr Fe Mo,0.6431021830000004
Fe S Se,0.6430962453666662
Cu Ga O,0.6429568914999998
H N Na,0.6429443331333332
Fe O Ta,0.64288824094
Co Fe Se,0.6427334675666667
Ba Br Fe,0.6424304751999999
Al Ba Fe,0.6424167353666665
C Ga Mo,0.6423597512000008
N P V,0.6422989055000001
Dy Fe O,0.6422819782000009
Fe S V,0.6422343765333332
C Ho N,0.6421922600666674
Al C Nb,0.6420814766999999
Fe Ge V,0.6419228041499999
Cd Li N,0.6418047671000002
C N Nd,0.6417831160666665
C Cr Fe,0.6417312591333333
As Eu Fe,0.6417026797999998
Bi Ga N,0.6416783915666664
F Fe K,0.6415604125666672
Fe Hf V,0.6409142985333334
N Nb Ni,0.640769210433334
Co Fe O,0.6406134676333327
Ba Br N,0.6400539117333334
Co Mo N,0.6398239371999999
C Ce N,0.6397711923000003
C N Yb,0.6394980610333334
Fe Se Ta,0.6393344228000003
Fe P V,0.6390413672666672
Cu O V,0.6389206701333336
B Li N,0.6387663016000005
Ba N Sn,0.6386976425666663
N Sc V,0.6386847867666664
Ga In N,0.6385883444333339
Fe O Sc,0.6383394000333337
Cu H N,0.6380850699999995
C Gd N,0.6380460693666665
N Se Zr,0.6380103965000001
Cl Fe Rb,0.6374933846999998
Ba N Rb,0.6374882473666668
Li N Te,0.6374161526333336
C N S,0.6372963541666669
Er Fe V,0.6371239401999993
Ba F Fe,0.6370913018666671
F Fe Li,0.6370711197500002
Li N Ta,0.6370697032333335
Br Ca N,0.6370645101999997
As Fe Ru,0.6369725564000004
Fe O Pb,0.6368929170000001
Ga Mg O,0.6368029252666668
C N Ti,0.6366912207999998
Ga N O,0.6366874576999998
B Cl N,0.636680935766667
Al Cu O,0.6364180009999999
Ce Fe V,0.6361436341333331
Al Nb V,0.6360277076333335
Fe O Sm,0.6358714023999997
Ca F Fe,0.6357880756933335
C N Pr,0.6357581240999991
Ba H N,0.6356588359866662
Cu Mo O,0.6354665084333336
Fe Sb Se,0.6353431731666667
As Fe Rh,0.6352058427333337
Cl N Ta,0.635138170433334
Al Ba N,0.6350697998933331
Ge Li N,0.6344629837333333
C Fe Ta,0.6343613981333334
N Zn Zr,0.6342025684000001
Cu Mn N,0.6339515867
C N Ni,0.6338102176333331
Fe Rh Se,0.6336591197666668
Cl Cs Fe,0.633342880466667
C Nb Y,0.633299909933333
C N U,0.6332804217333335
Fe Lu O,0.6329851436333334
C Fe La,0.6329088688
Fe Gd Nb,0.6328942705333334
Fe O Pr,0.6328733657666665
Cr N Zr,0.6327249684666666
Ba Cs N,0.6324557955000003
Ga La N,0.6324190392666669
Ca H N,0.6322659644
Co N V,0.6322021837333337
Fe Ga La,0.6320969604333335
Cu O Y,0.6320080204666666
Fe Sm V,0.6318518840666669
Co Fe Ga,0.6316969974
Cl La N,0.6316001743999999
Ca N Sn,0.6315325215333335
Au K N,0.6314792882999996
Al Mo Nb,0.6313805754666673
Al Mg V,0.6313410152999999
F Fe Na,0.6312487704666667
Cu N Sr,0.6311102528666666
Fe Nd V,0.6310487095000002
Fe Ho O,0.6310256073000005
Mo N Pd,0.6309657904333335
Fe H Sr,0.6307322780999998
Ba Mn N,0.6306397024333328
C N Th,0.6305121582333338
Mn N Sn,0.6298853517000007
Al Ca N,0.6298721871466666
As C Nb,0.6298639360333336
Fe Nb Ti,0.6292589404666664
Hf N Zr,0.629073446833333
Fe O Yb,0.6290720069500002
Nb Sn V,0.6288797099333331
As Ca N,0.6287434422199999
Fe Pd Se,0.6286847418999998
Mo Nb Sn,0.6284923716333336
N Ta Zr,0.628474053033333
Fe Gd O,0.6284599511999998
Fe H Zr,0.6284309315133332
Dy Fe V,0.6277596453999997
Fe Pr V,0.6276851121166666
N U V,0.6275465732
As Ce Fe,0.6275088510666661
Fe Ge O,0.6271370181133333
Al Ga V,0.6269403188666668
Fe P Se,0.6267598647666669
N Ti V,0.6264844358000002
B N Zr,0.6263091766333326
N O V,0.6262483136333328
K N Zn,0.6260980365466667
Cl Fe Zr,0.625905111433334
Fe Mo Sb,0.6258954927666663
Cu Nb O,0.6257969813666667
Br H N,0.6256263699333333
C Co Fe,0.6256083091666668
H N Rb,0.625578775233333
Ca Cs N,0.6254083895200002
Fe Hf Mo,0.6252659171333333
H Mn N,0.6252428477999997
C Fe Sc,0.6249509719999998
Be Li N,0.6249481821666665
Ga Sn V,0.6248895203666666
Ba N O,0.6247755104666666
In N Zr,0.6247648946666667
Fe Li S,0.6246145079333332
I N Rb,0.6245770150666664
Fe H Y,0.6245600104000002
N Sn Sr,0.6243117908
Ca I N,0.6242182724666672
As Fe P,0.6242024610000004
Ba N Sr,0.6239119056999998
As Fe Re,0.6237681660000001
Mo N Ni,0.6237508267333333
C Nb Zr,0.6236705735333329
Cl N Sc,0.6236285613000001
As Cu O,0.6236128871666661
Ca Mn N,0.6235884090333336
Cs N Rb,0.6235238783666666
As Fe Si,0.6234993369000001
Mg Mo O,0.6234961663666668
Fe K S,0.6234323151
As Fe Ge,0.6232609579
Fe Ge Se,0.6231431801666673
Br N Sr,0.6230926443000001
Co Li N,0.6230435476200001
Cu Hg O,0.6227910608666666
Cs H N,0.622789281233333
Ga Mn Nb,0.6227791159333331
Fe Ga Sb,0.6226196616999995
Fe Ga Sc,0.6226106457999996
Dy Fe Se,0.6222620339000006
Li N Sc,0.6221586496666666
As Fe Nd,0.6217589041333338
Br Cs Fe,0.6217566422000005
Cd K N,0.6216972237999999
C Mo Y,0.6214479672000002
Ba Fe S,0.6213057577333339
Fe I Rb,0.6209252506666666
Fe O U,0.6207657766333333
Al Nb Sn,0.6206911774333335
Er Fe Mo,0.6204886831666665
Fe Lu V,0.6201432484666669
Ga Nb Zr,0.6199705035666667
Fe Ti V,0.6198743916000002
H I N,0.6197952969333329
F Fe Rb,0.6197083205466668
Cs Mn N,0.6195833232533334
H N Sr,0.6195682814000005
Fe Ga Hf,0.6194571422999997
Ce Fe Mo,0.6190580749999998
Fe Ho V,0.6189636500833334
B N Na,0.6188232889666666
Er Fe Ga,0.6186209532666668
C H Nb,0.6185104811000002
Au Cu N,0.6182941833199995
C Er Fe,0.6182485898666666
Cs I N,0.618241644033333
Ca Fe Pb,0.6180445093333327
H Mg Nb,0.6180287493999999
Br N Se,0.6179567263333329
Fe O Re,0.6179246477333337
Cl N Si,0.6177946215333332
Fe Mo P,0.6177157235666667
Fe Rb Te,0.6176605504000001
Fe Mn Zr,0.6176366423333335
Fe Ni V,0.6176028655333333
Al N Sr,0.6175980715966665
Ca N O,0.6173906822999998
Fe O Si,0.6172561188666672
C Fe W,0.6172536433166665
Fe Mn Sn,0.6171725706666668
Ce Fe Ga,0.6171345499000002
As Fe Pr,0.6170141187666672
B Li Mg,0.6169052099000002
Fe Ge Mo,0.616904007433333
Cu Fe Sn,0.6166771568333336
Al Fe Mn,0.6166155992000001
Cs F Fe,0.6165437424000003
Fe Gd V,0.6160550671666666
N Pt Zr,0.6160010091999996
K N Ta,0.615776458
Cs Fe I,0.6157074020333333
Fe O S,0.6156617436666666
Al Fe Zr,0.6155896029466665
Fe Mo Si,0.6155868873666668
Fe Sn Zr,0.6153955079666663
Ce Li N,0.6153382082666664
Fe O Sb,0.6153112775799996
N Na Ta,0.6147524207199999
B C Nb,0.6146361765666666
Mn N Sr,0.6144996727666665
Cu K O,0.6144306319
Cl N P,0.6144068286333334
Cs N Sr,0.6143331308666667
Cs Cu O,0.614322344966666
Li N P,0.6142508558666671
Ce Cl N,0.6141872763000004
Au Ca N,0.6141765090733337
Fe O Tm,0.6141008062999999
N Ni V,0.6138922193666667
Cu La O,0.6138505239666662
Bi Cu O,0.6136982662666669
Fe Se Si,0.6135729284333332
Ge N Na,0.6133661573000001
As Fe U,0.6133506463000001
Br N Zn,0.6132425041
I N Sr,0.6131561853333332
Li N Si,0.6131291778333329
Fe Na S,0.6130763288666664
Al Cu Fe,0.6129969684666666
C Nb Zn,0.6129671395666663
C V Y,0.6128790429666666
C Mo Zr,0.6128680996999998
Fe Tb V,0.6128525941333332
N Sc Zr,0.6126582677000003
Au Cu O,0.6123818650666671
Cs Fe Te,0.6121538532666665
Cr N Sn,0.6121218515999995
Cl N Sb,0.6121071616333339
Ga N Ti,0.6120946223
Fe Ho Se,0.6120200274666667
Ba Hf N,0.6119696070999997
Fe Y Zr,0.6119300498333323
Li N W,0.611873579133333
Al C V,0.6118670892000002
Ba N Zn,0.6115925137333337
Cr Cu O,0.6114888416666666
As Fe Ni,0.6113766028666666
Dy Fe Mo,0.6113364769333333
Br Cu O,0.6112092098999998
Ga Mn V,0.6111963742666667
Fe Ni Se,0.6111445350333331
Mg O V,0.6111405900899997
Cl Fe Tl,0.6111057428000003
Ga Li Mg,0.6110643364666661
Al C Mo,0.6109489867666668
Fe O W,0.6108062050833335
N Rb Zn,0.6106834543666665
F Fe Sr,0.6102710524666667
C Fe Sm,0.6101672207333337
Cl N W,0.6100416696333337
Fe Tm V,0.6099350406999997
Al Fe Y,0.6098234409333336
Ga N Nd,0.6098193220000002
Al Mg Mo,0.6096917896666667
Br Hf N,0.6096070503666666
Fe Mn Y,0.6095379135999995
C Fe Si,0.6094053845
Ga Nb Se,0.6093276004666671
Fe Sn Y,0.6091523484666669
Fe Mo Sm,0.6090910500333337
Li N O,0.6090331594666665
Cl Fe Te,0.6088761231666665
C Fe Yb,0.608833830353333
Au N Rb,0.6087805667500001
Fe Zn Zr,0.6087317757666666
F N Zr,0.6086208256266665
Dy Fe Ga,0.6085253260000004
H N Zn,0.6084147541666663
Fe Mo Nd,0.6082518231333334
Al B Mg,0.6081795996333333
Ba Cr N,0.6081682890000002
F Fe Zr,0.6079678597466669
B Ba N,0.6078869341333337
Fe Ga Yb,0.6077386721800002
Cu Fe Y,0.6077143339333334
N Rh Zr,0.6072108699533335
C Ce Fe,0.6071842116166664
C Fe Nd,0.6071600247333339
Br Fe Y,0.607124058366667
N O Zr,0.6071113136333333
Fe Se U,0.6070262704999997
Al Fe Zn,0.6069939004466672
Fe Ga Sm,0.6068869622999997
Ga Nb Zn,0.6068316385666666
C Fe Ge,0.60677540485
Ba N Pb,0.6067090928333331
Cr Ga Nb,0.6066757627333332
Fe Ga Nd,0.6065998946666666
Al F Fe,0.6062839834366669
N O Y,0.6061699530666664
Cu Ga Nb,0.606083034433333
C Mn Mo,0.6060727828333334
Fe Rb S,0.6060600416666669
F Fe Sn,0.6059747842466672
Fe Ga Si,0.605938185333333
Co N Zr,0.6058742164333336
Cl Fe S,0.6058710527166666
Li N Ti,0.6057999888666665
Ga Si V,0.6057694963333327
Li N S,0.6057289659333331
Cs Fe S,0.6056874991333333
Fe Mo U,0.6053648271666665
Ca N Tl,0.6053084700533329
B Ca N,0.6052932212666672
Cl N Nd,0.6052772515999997
C In Nb,0.6051735561999998
Ca N Zn,0.605033894266667
Cu N Ta,0.6050277427833337
Fe Mn Te,0.6047949520666668
Cu Nd O,0.6046489556000003
Au Ga Nb,0.6046193624333331
Fe Lu Mo,0.6045511492000001
Li N U,0.6045467814999997
K N O,0.6044272555833333
Fe Mo Pr,0.6043837659333335
C Ge Nb,0.6042631102666667
As C V,0.604145558133333
Cl N S,0.6040922681333336
Fe Te Zr,0.6038853368999999
C Dy Fe,0.6038730565533335
Hf I N,0.6035939810666667
Fe I Y,0.6031472552666663
Fe S Sn,0.6030914929666666
Al C Mg,0.6030889665666669
Ba N Ta,0.6030073198999992
Cl N Ti,0.6029438998666669
Cr Mn N,0.6028728327333329
Li N Re,0.6028699204666673
Fe Se Th,0.6028295643666669
C Cr Nb,0.6027657055000003
Ca Cr N,0.6027548188333334
Au Cs N,0.6026824514
Al Mg O,0.6026666674000003
Cl N U,0.6026036873666665
Mg Nb O,0.6025998989866667
Al B Fe,0.6024422317833332
As Fe Ti,0.6023927798333332
Br Hg N,0.6023744370333334
B Fe Zr,0.6022966183333334
Cu Fe S,0.6022173043000003
Al Hf N,0.6022142715000001
B Fe Mn,0.602033860353334
Cs N Zn,0.6019061745666666
Cu Fe Te,0.6018767981
Fe Sn Te,0.6018607013666665
Fe Ga Pr,0.6018589213666665
Cl N Re,0.6017685863
Cu Mn O,0.6016559089333341
H Mg V,0.6016354909333331
Fe Ho Mo,0.6015887193000004
N Re Zr,0.6015588395533331
Fe O Tb,0.6015259473733335
Fe Ga Ge,0.6013473436666668
C Fe Pr,0.6012441379533335
K Mg O,0.6011029198999999
N Ru Zr,0.6008486887333336
Cl Gd N,0.6006730172666667
Al N O,0.6006522911199997
C Nb Ta,0.6004752787000001
Ga Ge Nb,0.6002966561999993
I N Zn,0.6002745516333341
N Rb Ta,0.6001703991666666
Ca Fe Sb,0.6001530606999997
Br Fe Tl,0.5999577705000001
Br Fe Te,0.599871962713333
Fe Na Sb,0.599813343733333
Cl N Pr,0.5997864095999998
Ce Cu O,0.5997663809333333
Mn N Zn,0.5997531700999997
N U Zr,0.5996175680333325
Hf N Sr,0.599581408733333
Fe Gd Mo,0.5995631611666661
C Cl V,0.5995047837666663
Ga V Zr,0.5994640944999997
C Si V,0.5992346269000003
B Mg O,0.5991447633666661
Fe Mo Ni,0.5991271271133334
Cu O Sr,0.5991103198666669
Fe In Mn,0.5990765056999998
Al Fe S,0.59899973595
Ga Se V,0.5988731736033335
B H N,0.5988347956333329
Cr Fe Sn,0.5987649240333329
Fe S Zr,0.5987329066666668
Al N Ta,0.5987199626333332
C Fe Th,0.5986984377333336
Fe Te Y,0.5986900510333335
Fe Mn Pt,0.5986120559666667
N Ti Zr,0.5985795316999999
Fe Ga U,0.5984160986666662
Ag Cu O,0.5983326002333337
B Fe Y,0.5982914428999996
Fe S Sr,0.5981957032999999
Fe Mn S,0.5981857696999999
Ca N Pb,0.5979466352666664
C Nb Si,0.5979294152666665
C Fe Lu,0.5979068808666661
Ag Ca N,0.5978194221333336
C Ca O,0.5977696694200001
N S Zr,0.597412678366667
Cr N Sr,0.5973574763000005
Cr Fe Zr,0.5971901512333335
Al B N,0.5971631878133337
Fe H La,0.5971436193333336
Cu Li O,0.5971349817333328
Cd H N,0.5970992784999994
N Sr Zn,0.5970887416999999
Au N Sr,0.5968242517333333
Cl N O,0.5967417085166665
Ba In N,0.5967007405000001
C H V,0.5964405894000001
C Fe U,0.596351102166667
Au Fe Sn,0.5963430452333336
Cu O Rb,0.5963097070000002
B C V,0.5961910339333333
Fe Ni O,0.5961284487799997
C V Zr,0.596098321366667
Cu Na O,0.5960656607666669
Ba Fe Sb,0.5960209724000005
Au Cu Fe,0.5959698823000005
Mg Mo Se,0.5958162587000007
Fe O P,0.5957044471700004
Nb Si V,0.5956984091000002
Br Fe In,0.5955506764666673
Fe Ga Ni,0.5953441474333332
N Pd Zr,0.5952466643666663
Bi Ca N,0.5952028950666665
N Na Si,0.595058938
Ba Bi N,0.5950346099
Fe I Tl,0.5949602336333333
Cu H O,0.5948668309333331
N Te Y,0.5948236580666667
B C Mo,0.5948113132000002
Mg Mo S,0.5947282042333341
Cu Fe Pt,0.5945329988000003
Al Cr Fe,0.5945278287000002
Cu I O,0.5943348167666671
B N Y,0.5942988618333332
C Fe Ho,0.5941632965
As Cr N,0.5940471597666667
N Na O,0.5939307009166664
Cu O Zn,0.5937095900333332
C Fe Ni,0.5936400639000001
Hg I N,0.5936377631999997
Fe Pt Sn,0.5934252350000001
Li N Th,0.5932676086
Ga V Zn,0.5932596251000002
Br N O,0.5931363554333335
C Mo O,0.5927018889000002
Fe Ga Lu,0.5924144725
Fe Ga Ti,0.5924006045666667
C Hf Nb,0.5923499733000002
Br La N,0.5922440320999999
Cl N Th,0.5922093225666669
Ba Ge N,0.5920911814666661
Cu Ga V,0.5920841036999993
Fe Se Ti,0.5919694953333332
C Fe Ti,0.591491275466667
Cs N Ta,0.5914726233166663
B Ba Mg,0.5914667662333333
N O Rb,0.5913516656666666
Ir N Zr,0.5912871180666669
Cr Ga V,0.5911151497333332
H N Pt,0.5910215091666662
Li N Ni,0.5909972153666667
Eu Fe H,0.5907928728666668
Mn N Ta,0.5907916609000005
Fe S Y,0.5905611836666661
Ba F N,0.5905089688033337
Ca In N,0.5903563514666668
N Na P,0.5902695009000001
Ag H N,0.5901612531333333
Cu Er O,0.5901270042333333
Mn N O,0.5899949371999997
C Nb P,0.589990048433333
H La N,0.5899875361333331
K N P,0.5899755659333332
Cr Fe Y,0.5899051638666667
Fe Te Tl,0.5897091121666662
N Pb Sr,0.5896493119666668
Fe Ga Ho,0.5896448841666669
Fe Ge Li,0.5896313998999997
Fe Li P,0.5896063034666662
Mo Nb Zr,0.5894524124666668
C Ga Y,0.5894172372999996
Al Mn Nb,0.5893825062333333
N Na W,0.589359272716667
C Mg Zn,0.5892887660666669
In Mn N,0.5892144379166664
Ga Nb Si,0.5887437271000002
C Fe Gd,0.5887378794333331
Hg N O,0.5884803665866666
Al Bi N,0.5881054632599999
Fe Pb Zr,0.5877665378999998
Fe Ta Zr,0.5874191861000003
N O Sn,0.5871018987166665
N Os Zr,0.5870356223999997
C Cr Mo,0.5869230485
Fe Ga Gd,0.5869079151999996
N P Sn,0.5868343551666667
Al Nb Zr,0.5866801267666666
Al Fe Ta,0.5865850562666666
Cu N P,0.586555350666667
B Cu O,0.586540048666667
Fe S Zn,0.5864123917000004
Ca Ge N,0.586259937933333
N Sr Ta,0.5861210144333335
B H Mg,0.5858871655333332
C Mo Ta,0.5855733185666674
Au Ga V,0.585324605713333
Eu H N,0.5853024803666665
Ga Hf Nb,0.5852474345333334
Ca Fe Si,0.5851347962333333
Ag Mn N,0.5850321667333329
B N Sr,0.5849753395333331
Fe Mo Tb,0.5849673718333332
Ga Ge V,0.5848498674199998
Ga Nb Pt,0.5848327946666662
Cu O Tl,0.584817766683334
Fe H Sc,0.5847794912999995
Ca F N,0.5845755526633335
Nb V Zr,0.5845395104666671
N P Rb,0.5844934985333332
H N Si,0.5843823028333337
Ca La N,0.5843210764333332
Fe S Tl,0.5840455167833332
Cu O Se,0.5839366538333339
Ca Fe P,0.5839197188533332
Hf N Zn,0.5838745170333338
F H N,0.5838195856333331
Be Ca N,0.5837184449333334
H N O,0.5834274554500003
Mo Si V,0.5833056096666663
Mn N Pt,0.5832829476333331
Ge Mn N,0.583179948366667
Ga Nb Sb,0.583060904133333
H Mg O,0.5829568169166667
C Fe Tb,0.5827813755333336
Au Fe Te,0.5825505800333336
As F N,0.5824920470299999
C Nb W,0.5824134940333329
Nb Sn Zr,0.5823254964999999
Ba Fe P,0.5822289467
Ga O V,0.5820596600533334
As Mg O,0.5819702243566662
Ba Co N,0.581970196533333
In N Sr,0.5818620571333333
Fe S Te,0.5818154308999999
N Ni Zr,0.5818082488200002
Fe Ga Tb,0.5816510574333333
C Ge Mo,0.5814914056333335
C La Mg,0.5812343949333341
Cr Fe Te,0.5810852403666671
Cs La N,0.5809022865333335
Fe H Hf,0.5807027707999998
Fe La Sn,0.5806000623666663
C Fe Tm,0.5805510600133333
F Fe Pb,0.5805271242666666
N Na Re,0.5803361671666667
Ba C O,0.5802737760000003
B Cr Fe,0.5802003584333335
Cu In O,0.5801761716333331
Cs Fe Sb,0.5800469756000003
Co Ga Nb,0.5796488926999994
C Mo Pt,0.5796394748666668
C Co Nb,0.5796357492666668
N Tl Zn,0.5795460587666666
Al La N,0.5794576333566666
Bi N Sr,0.5794105941333334
Ba N Si,0.5793659562133331
Fe Sb Sr,0.5792968533499997
Ba N P,0.579286145633333
C Cr V,0.5790463103333341
C Ta V,0.5790276651333329
Al Cl Nb,0.5788764406766668
N Sc Y,0.5787473558
Cs N O,0.5787321190333338
C Nb Ru,0.5787299186999998
Fe O Ti,0.5786609295166673
Co H N,0.5785851497333333
N O Zn,0.5783497402666664
Fe Mo Tm,0.5783088684666666
Cu Eu O,0.5782570985000003
Ga H Mg,0.5782255915000003
Cl Fe Sc,0.5778771042133336
N Nd Sn,0.5778737445500003
Ba N W,0.5777801722333337
Ce Fe H,0.5777003552166667
Be H N,0.5776539237666666
I Mg O,0.5773610858500002
H Nb V,0.5772331999333334
Al Br Nb,0.577219806866667
N Si Sr,0.5770563810866662
Cu N Pd,0.5769844730333332
Ge N Sr,0.5768562307833334
Br N S,0.5768322991799999
N O Sr,0.5767985275666665
Cl Cu O,0.5766714696999999
Mg Mn O,0.5766408928000001
Al Fe La,0.5766110868999998
Br N P,0.5764041132999997
Er Fe H,0.5763845403333331
Mg O Zr,0.5762778398999999
Fe In S,0.5758625227000004
N Rb W,0.5757712708333333
Fe Sb Zr,0.5756804552333336
C Mo Si,0.5756269165333332
C In V,0.5755856823000004
Ba Be N,0.5755569928666668
H N P,0.5754806925333331
Fe Ta Te,0.5753544761666667
Cu Ho O,0.5753009984333327
C Ge V,0.5748246592333328
Mo V Zr,0.5747875975666665
Mo Nb Se,0.5747260450000005
Mo Se V,0.5746950248666668
Ca Co N,0.5746504090000003
Fe Ga Tm,0.5746399846000002
Ba N Sb,0.5746226261999999
Cr Fe S,0.5745654991666672
H N S,0.5745483296333335
Cl Fe Hf,0.5744788020033331
Cu N Ni,0.5743021546799997
C Hf Mo,0.5740758338333329
Al Er N,0.5739752224466665
Co Cs N,0.5738189531666665
Fe Pb Te,0.5738164462666665
Fe Rh Sn,0.5734412370333329
Ca N Si,0.5734137054666667
C O V,0.5731594525
Ca N P,0.5731316917133331
Cs Eu N,0.5730892565666664
Fe Sb Sn,0.5730825263666668
Fe Mn Sb,0.573079658133333
Cu Dy O,0.5730455579333334
Cr Mg O,0.5730433921000005
C Ga H,0.5729629757666668
Cu O Pr,0.5729579501333333
Fe I La,0.5728957573666669
C P V,0.5728579942333334
Cu O Sm,0.5725659791666664
N O Se,0.572545023176667
Co N Y,0.5723861275833332
I Mo Nb,0.5721492549999999
As Mo V,0.5720779865666666
Au N O,0.5720386730500001
Al Eu Fe,0.5719427454333331
Cu Lu O,0.5718987898999999
H Nb Sn,0.5718721372999996
Cr N Ta,0.5718340322000005
Cl Fe W,0.5717657745399995
Ga Pt V,0.5716312401333332
Al B Nb,0.5715274553666666
Al Fe Ru,0.5712376364499997
Co Fe Zr,0.571237375666666
Co Fe Sn,0.5710734481
Hf N Ta,0.5710552394333333
N O Tl,0.5709435360466667
B Nb V,0.5708694109000003
H N Pd,0.5708599071999999
Mn N Si,0.5707713995233336
Ga Nb O,0.5707449156500002
Au Mg O,0.5706862410500002
Fe Pb S,0.5705690361666664
N P Sr,0.5704250034999997
B Fe Ta,0.5703694099666665
Ga Sc V,0.5703225731333333
Al Nb Se,0.5702177644333334
Fe Ru Sn,0.570154406066667
Al Fe Rh,0.5699812965799997
Mn N Rh,0.5699590622866667
Fe Si Zr,0.5697682393999998
Al Co Fe,0.5697147438199995
Al Cu Nb,0.5696968671999998
C Nb Rh,0.5696964312000001
Ca N Sb,0.5695254551633333
Fe Sc Sn,0.5694819554533335
Hf N O,0.5694477039333333
Ga Hf V,0.5692740931666671
Al In Nb,0.5691655257666661
C Nb U,0.5691423641333339
Cu O Te,0.5691373078333335
Fe Sc Zr,0.5691093569666669
F N Sr,0.5689643792333333
La N Se,0.5685982072666673
Fe Hf Sn,0.5685704716999996
C Mo W,0.5683635088333332
Fe Sb Y,0.5682747338333328
Mn N P,0.5681656343666668
Cd Fe Te,0.5679292601666668
Fe Rh Y,0.5677882223333334
Al Nb Zn,0.5676475556333332
Br N Ti,0.5675860062333337
Fe H Sm,0.5675382870333334
Fe Hf Zr,0.5674562602666665
Ag Fe Te,0.5673282662333335
Ba N Ti,0.5673134983333338
Al Ge Nb,0.5672744881333329
C Nb S,0.5671531913
Ga Sb V,0.5671454351666666
Br N U,0.5670720380666671
C Co Mo,0.5667865071333332
Er Fe Mn,0.5666107979333332
Cd N Tl,0.5665609469866666
Ga Mo S,0.5664391053666669
Cd N O,0.5663740854666668
Cs N P,0.5662086776666665
Mg O Sn,0.5660664930799999
I N S,0.5659920792533338
Fe H Nd,0.5658342591666669
N Nd O,0.5658270029999998
Al N Si,0.5656499135166666
C Ga Mn,0.5656156279666666
C Er Mo,0.5655545777666667
Ce Fe Mn,0.5654465355333338
Al Fe Sc,0.5653610211866668
Ga Mg Na,0.56524263475
Co Fe Y,0.5651920023666664
Ga Nb S,0.5651351827000003
C Mo Ru,0.5650775992000004
Be N Sr,0.56503077312
N O Ta,0.5649171173666672
Dy Fe H,0.5648475974000007
Br Fe Sc,0.5646769850333332
N Si Zn,0.564497778086667
Cd Fe S,0.5644814953466666
Al Fe Hf,0.5644358123866671
B N Ta,0.5643771137
Cs N W,0.5643404809999999
Ca N U,0.5642821388333336
Al Cr Nb,0.5641296383333329
Nb Se V,0.5639105019999998
Ce Cu Fe,0.563887201633333
B Fe Rh,0.5638871987166667
Ca N Ti,0.5638452470666662
Mn N W,0.5638388217333333
Bi Fe Te,0.5638295489000006
Cu Ge O,0.5637792158333332
Bi Mg O,0.5636593047799998
N Sb Sr,0.563621773753333
Ge Nb V,0.5636040356666666
N Ni Sn,0.5635839421166667
Fe Ru Y,0.5635749373666668
Cu O Pt,0.5635277244533334
In Nb Sn,0.5633796147666666
In Mg O,0.5633364515266661
Cu Gd O,0.5629098612333336
Fe Sb Zn,0.5627589280999994
Cu O Sc,0.5626928396333337
Er Ga V,0.5625721207333332
Co N Sr,0.5625265441333333
Fe W Y,0.562449876683333
Ge N Zn,0.5623032832
Br Ce N,0.5622752613666666
Co Ga V,0.5622431754000002
Ba Ce N,0.5621608580999998
Al N Ti,0.5621506369566664
La N O,0.5620617917666668
Fe H Pr,0.5620246432133332
Er N O,0.5620242209333333
Al Li Mg,0.5619327157999998
Al N Sm,0.5619111735699999
Fe P Sr,0.5616668993333335
Fe La S,0.5616475900333333
Ag Fe S,0.5616051689133337
Bi N O,0.5615522367533334
Al Lu N,0.5614613544333328
Fe Re Zr,0.5614418737199995
Er Fe Sn,0.5613817033666664
Al N Nd,0.5612820332
B Fe La,0.5610527604033332
Fe Sc Y,0.5609562318166669
Cr Ge N,0.5609418934799999
C K Na,0.5609118879333336
Mn N Pd,0.5608411063233327
Nb Si Sn,0.5604893689666671
H N Ti,0.5604759416
H Ho N,0.5604493283533328
Cl Fe P,0.5604014006833337
Co Cu O,0.5603727811999994
Al Dy N,0.5603657538533335
Cs N Pd,0.5602570837866668
Cr N Pt,0.5601728883999998
Cr Nb V,0.5601631339000005
Mg O Zn,0.5599351213500005
Fe Mn Pd,0.559875488866666
Mn N Ti,0.5597535685666668
Ba C K,0.5596388745333332
Ce Fe Sn,0.5596075186
Ce Fe Zr,0.5596015851666668
C Co Mg,0.5594373591000004
C Mo Rh,0.5592961946000004
Al Ho N,0.5592347247566665
H N Yb,0.5591637161
Ce Mn N,0.5590753448466665
Fe P Zr,0.5589723406666669
Fe Sm Zr,0.55894322028
Ga Ru V,0.5588637610999999
Ce I N,0.5587461298166663
Mo O V,0.5586702343533335
As N U,0.558477884133333
Ca Ce N,0.5582390796800001
Al Er Fe,0.5581981217166667
Bi Fe Pt,0.5581803081666666
Fe S Ta,0.5581472174533334
Nb Se Sn,0.5581003692666665
Fe Si Y,0.5580552142666668
Cu O Ta,0.5580395565333335
C Mo Re,0.5580358965999997
Ge Nb Sn,0.5580222998
C Mo Sm,0.5580219992000001
Mg O Se,0.5578172059166672
Cr La N,0.5577025591333327
Fe Sb Te,0.5576119887666667
C Nb Ti,0.5571905526999997
Al Be Fe,0.557165636003333
C Li Rb,0.5570811967666665
C Cs K,0.5570290426666672
Fe Nd Sn,0.5569820550000004
N Re Sr,0.5569782706499997
Mg O Sr,0.5568610772466663
Cu Er Fe,0.5568485583666667
Ca Mo O,0.5568127721799998
Co Fe Te,0.5567417117866666
Ba N Ni,0.5567092261999999
C Nb Ni,0.556563312933333
C Cs Li,0.5564322517333335
Bi Fe S,0.5564310008333334
Al Fe Pd,0.5563991529666669
Cr Mo Nb,0.5563545343000004
Mo Nb S,0.5563397415333333
Mo Nb Si,0.556322332133333
B Eu Fe,0.5562455043999996
Fe Sm Sn,0.5562422275999998
Br Gd N,0.5561972193666666
Ga Ir Nb,0.5561871261666664
B Fe Ru,0.5560865167866667
B Mo Nb,0.5560221636533331
H Li Mg,0.5558570726833328
Mo S V,0.5558533322666664
C Lu Mo,0.5558306714666669
Nb Ta V,0.5555978153666663
I N Ti,0.5555484526666665
Mn N U,0.5555145929500002
Al Ce N,0.5554806235600002
C H K,0.5554720722999998
C K O,0.5553781617000005
Ir Mn N,0.5552255278399999
C Mo U,0.5550547773666666
B Co Fe,0.5550441579
N Nd Se,0.5548755742999998
C Mo Nd,0.5548370695000001
C H Li,0.5548151687666669
Fe Mn Si,0.5548149235333333
N Th Y,0.554788811233333
Al Fe Re,0.5545942456866665
N P Zn,0.5545712882333335
Al Nb Si,0.5545320841333335
Fe Ge Mn,0.5544922949000003
Fe Sc Te,0.5544250350866666
C Ce Mo,0.5543675236000002
Cs N Nd,0.5543340662666661
Al Sn V,0.5542447240666667
B N O,0.5542373735766667
C Ru V,0.5541880701333335
Cl Mg O,0.55416287685
Eu N O,0.5541610015666669
Fe H Th,0.5541147213166665
Al N Pr,0.5540978338933334
I N U,0.5538737367666664
C Dy Mo,0.5538338724999998
Ga Mo Se,0.5538198328333339
C K Rb,0.5536717907666663
Fe Hf Te,0.5536336567999999
Ge N O,0.5535317381399999
F N Ta,0.5535026167366667
C V W,0.5534264063666666
Dy Fe Mn,0.5531882699466665
Fe Gd H,0.5531102268
Fe Mn Sm,0.5530999947333335
Nb P V,0.5530619747333335
Ga S V,0.5529872615499996
Ge Mg O,0.5529612868600005
Al Gd N,0.5529083813333338
B F N,0.5528081700999998
C Ho Mo,0.5527354666333332
Br N Th,0.5527114786
Fe Re Y,0.5526663872666665
B C Y,0.5526602225666668
Al Ce Fe,0.5525548601666667
Mo Nb Te,0.5525257815666671
B C K,0.5524494909999998
Ga Nb Ti,0.5523797296333334
Fe Ge Zr,0.5523341554466671
Fe Mn P,0.5523084681666667
B Fe Sc,0.5522675739
Dy N Se,0.5522242160200007
Fe H Lu,0.5519643394666667
Fe Mn Nd,0.5519526307000004
Co Fe S,0.5516459167
Al Nb Ta,0.5516229786000001
Au Co Fe,0.5515930341666668
Hf Nb V,0.5515797554666673
Cu Fe Sm,0.5515578035333333
Ce Mg V,0.5515297805633336
Cr N Sc,0.5514533472200003
N Sr Ti,0.5514479280166669
C Hg O,0.5514160036666663
Fe Pr Sn,0.5513533545333336
Co Fe In,0.5513115735533334
Ce Fe Y,0.5512158951666668
Cu O Tm,0.5512075551333333
Ga Ti V,0.5510697912166667
Fe H Ti,0.5510597937666666
N O Pb,0.5509841152166666
H N Th,0.5509394425333336
Cu Fe Yb,0.550933437766667
La N Ta,0.5509124384999997
Er Fe Y,0.5507593485666668
N O Pt,0.5507414596666665
C Mo Pr,0.5507271250333327
Fe La Pb,0.5507127870000001
C Fe Pu,0.5507032359333334
Cu O U,0.5506996166666669
Al Fe Yb,0.5504583315333328
Fe Pd Zn,0.5504201310000005
Fe Sn Yb,0.5503606774666672
Mo P V,0.5503568049333334
Ce N Sr,0.5502415873666664
Cu Fe Nd,0.5502225354
Co Fe Pt,0.55021888688
Ag N O,0.5501608729800002
Mo S Sn,0.5501411421999995
La N Te,0.5501120182133333
Fe Hf S,0.5500474614933337
Cu O Si,0.5499472386000003
Fe P Y,0.5498748657000001
Ho N Se,0.5498179549666666
Fe S Sb,0.5498136888666674
Cr Mo V,0.5497504886333331
B La N,0.5495744169166666
H N Ni,0.5494837202833334
Cu O Yb,0.5493074227333333
Er Fe I,0.5488989961299998
Cu Fe Ge,0.5488692618666668
C Sn Y,0.5488640522666663
C U V,0.548790535966667
Fe Rh S,0.5486862087433332
N O Si,0.5485061703499999
N S Tl,0.5484719554099997
Ce Fe Zn,0.548438354733333
N O Sm,0.5484287055000001
Co Cr Fe,0.5483681317666664
N Pr Se,0.548367275283333
Lu N O,0.5483505442033332
Ho N O,0.5482111035666665
Be N O,0.5480025699000002
Ge Mo V,0.547881528866667
Fe S Sc,0.5478688514233334
Al Fe Sm,0.5478125333999998
C Mo Ni,0.5476847237666663
C Mg Sm,0.5476463376999998
Dy Fe Sn,0.5473776096666666
Al Fe Si,0.5473674471666669
Fe Nd Zn,0.5473506829499999
Cr N P,0.5470431386999997
C Ce Mg,0.546965387833333
Hf N S,0.5467730070999999
Dy N O,0.5466891042800004
Mg O Te,0.5465585909999999
Fe H Ho,0.5465031129499995
C Gd Mo,0.5463719836333334
Al Fe Nd,0.5462568170633336
B C Li,0.5460485645333333
Ga Mo Sn,0.5459440052333336
Fe Sm Zn,0.5459139643333334
Nb Sn Te,0.5457747865333336
N Ti Zn,0.5456708900466667
Fe Mn U,0.5456009393666665
Hf Nb Sn,0.5455410059999997
Fe U Zn,0.5454877049700005
N Sc Ta,0.5454645461333336
Fe Sm Y,0.5454009577666663
N Se U,0.5453407230666667
Li Mg Sn,0.5452833954533329
Ca N Ni,0.5452019340666663
Gd N Se,0.54512438385
Fe Pt Rh,0.5451041444999998
C Mo Os,0.5450983810333332
Br C Y,0.5449925385666669
Cr Fe Sb,0.5449329146666668
Ga Nb Ni,0.5449136752000001
Cu Fe Pr,0.5444936833999998
B Eu N,0.5444769343000002
Ce N Se,0.54423926137
Er Fe S,0.5441316875533336
Fe Pr Y,0.5441152695000006
Fe Pt Sb,0.5440305366
Cr N Rh,0.5440208669666665
In La N,0.5437613604166666
Mn N Th,0.5437228868133334
Cu Fe Ni,0.5436087280466668
N Pb S,0.5436040344899995
N Ti Tl,0.543350746366666
Al Dy Fe,0.5433414884666667
Mo O Y,0.5433398704133333
Cu Dy Fe,0.5433243207666671
B Fe W,0.5432595387499998
Gd N O,0.5432569139166668
Fe Pr Zn,0.5430567168633339
Al Fe U,0.5430084938666662
Cu O Pb,0.5429723347000001
Cu O Rh,0.5428623985000001
Ce N O,0.5428559534700002
Fe Lu Sn,0.5427099372333335
Nb Sn Ta,0.5426377601666665
B Er Fe,0.5425957375666659
Ba Mo O,0.5425253367999999
Si Sn V,0.5424991165333332
C O Rb,0.5424473452333335
Mo Nb Ta,0.5423497224666662
Cl Li Mg,0.5423192037399998
Al Nb Sb,0.5423064075333333
Fe Ho Mn,0.5422443752666667
Fe Ge Y,0.542128861133333
Fe Gd Mn,0.5420455740666666
C Y Zr,0.5419134967333334
Ga Mg Y,0.5418880558200001
C Mg Nd,0.5416807319999997
Mn N Ni,0.5416555981666663
Bi F N,0.541640940383333
Cr N W,0.5415488374833338
C Cr Ga,0.5414932597333336
In N Sc,0.5413865471033333
C Mg Pd,0.5412141748999999
N O Pr,0.5411257686999998
C Gd Mg,0.5410760061666657
Fe Sn U,0.5410506361666673
Al Nb O,0.5410251950133327
Fe Ni Sn,0.5410118639333333
C Mn Y,0.5409107305999995
Al Fe Pr,0.5407912005500002
C Ir Mo,0.5407603319999997
Al Si V,0.5407072625333336
I N Th,0.5402762893000003
N Nd Tl,0.5399758680999999
Dy Fe Y,0.5399402475866667
Cr Fe W,0.5399329749333331
C Mo Ti,0.5399034200999999
Ce Fe S,0.5399003114300001
Nb Sb Sn,0.5398817584333332
Bi La N,0.5398522361999994
Fe Ti Zr,0.5397545111500003
Au Fe Pd,0.5395460715999996
Fe H Tb,0.5393683562866668
B C Ca,0.5392080841666664
C Ga Ta,0.5391571028666664
C Ca Sn,0.5391296134333333
C Mn O,0.5391201911933333
C Cu K,0.5390298002666667
Al Nb W,0.5389113276666664
Fe Ni Zr,0.5388974204000002
Fe Th Y,0.5388522870999995
Mg O Pt,0.5388064058700002
C Cs Na,0.5386585500333332
C Ti V,0.5386127567999998
C Mg Pr,0.538288697166666
C H Na,0.5381209236999996
Fe Nd Tl,0.5380840873666668
F Nb V,0.5380157121099999
Er Fe In,0.5379174004999997
Co N Ta,0.5378077652000002
Al Fe Th,0.5375810493666665
Er In N,0.5373353595633333
Mo Nb O,0.5371586854533331
As Li Mg,0.537109537716667
Fe Sn Th,0.5369123028666666
Ba Ca O,0.536905721783334
Ba Ga O,0.5368379207499999
H K Mg,0.5368132227333332
Mg O Sc,0.5367491335000005
Fe Sm Tl,0.5366309022666664
B C Na,0.5366027879999998
C Na Rb,0.5365332422666668
Mg O Ta,0.536516435516667
B Ce Fe,0.5364551098033329
Fe Gd Sn,0.5363757043866665
C Mo Tb,0.5363721143333333
Cr N Pd,0.5363178246666663
N O U,0.5363134203000002
Ca O V,0.5363101128099996
Cd Co N,0.536295485386667
Fe Ho Sn,0.5362903737466663
N Ni Sr,0.5362682513999999
Al H V,0.5362019153666667
Li Sn V,0.5358221134
Cu Ga Mg,0.5357854457500002
Br Fe Th,0.5357546810999999
Al C O,0.5356897289966666
Fe P S,0.5356265049333334
C Ca Cl,0.5356094618999997
Fe Mn Ti,0.5355953505333334
C Li O,0.5353243936333333
Ca Ga O,0.5352762186799999
Fe Nd S,0.5352045906666666
B Mg Pt,0.5349696381000005
Hf N U,0.534911186866667
Al Mn V,0.5348325987666666
Cu Fe Lu,0.5348065054000004
Fe Mn Ni,0.5347791981666664
Al H Mg,0.5347565379500003
Cu Fe Ti,0.5345866240333331
Fe Ni Y,0.5344675647800001
N O Yb,0.5343634356466667
B Fe Yb,0.5343560902333336
Co In N,0.5342600029366668
B Mg Rh,0.5341024489999998
Al Fe Ti,0.5340711160666665
N Nd Pb,0.5340624577666669
Cl Li Nb,0.5340114782266667
Cd N P,0.5340101375833335
Al N Tb,0.5339168434466663
Cu O Re,0.5338092543666663
B Fe Sm,0.5336982009999992
N Nd Te,0.5336567420666666
Fe H Tm,0.5335360374333333
Cr Er Fe,0.5335091228666665
Hf N Ti,0.5334699881333336
C I Y,0.5333924645333331
Fe Ti Y,0.5333524994666664
Cr N U,0.5332796505333333
Fe I Pr,0.5331504133666668
Co N O,0.5330888505033332
Fe Pr Tl,0.5329063700666666
B Fe Re,0.5328947662999999
Al Mo O,0.5326659202333331
Cu F O,0.5326457130466667
Fe S Sm,0.5326084403333333
Al Fe Lu,0.5325474538
Dy Fe Te,0.5324294947333336
Al C Y,0.5324189493666661
B Fe P,0.5324076736333339
Nb Re V,0.5323818243333333
Fe Ge Te,0.5323088947400004
Ba O V,0.5321358187666668
Dy N Te,0.5321148222366671
Au Ga Mg,0.5319734347999998
B Fe Si,0.5319555863533332
Al O V,0.5317794156866669
Cr N Ti,0.5317171215866662
Fe Sn Ti,0.5317125288999998
B Be Mg,0.5315456539000002
Fe S Yb,0.5314800062666664
B N Sm,0.5314034917333335
N O Pd,0.5312935713266668
B Fe Nd,0.531292646813333
Fe Pr S,0.5310727390666666
Al N Tm,0.5310531990466663
Mo Nb W,0.5308631258999997
Cu Fe Ho,0.5307446330333332
B N Ti,0.5306880532466663
Al Fe Ni,0.5306447105333334
C Mo Tm,0.5306037999000004
Dy Fe S,0.5305962426400004
Fe Hf Ta,0.5305854760333336
Ho N Te,0.5305447067666663
Fe Ir Te,0.530542225066667
Fe S Si,0.5305327182333331
Fe Ta W,0.5304845585933335
Fe Ni Zn,0.5304480089333333
Cr Fe Si,0.5302231834999998
C H Rb,0.5302118836666663
C O Zr,0.5302069582133332
Br Li Mg,0.5301873629666667
As Li Nb,0.530164888716667
B Mg Si,0.5300602414866665
Fe La Sb,0.5298849398000004
Al As V,0.5297720737800004
Mo Nb U,0.5297038862
F N O,0.52965265435
Ga Mg S,0.5294840420966669
C Na O,0.5290652881
N Se Th,0.5290368891333329
Ce Cr N,0.528995141153333
Fe Ge S,0.5289729096433339
C Cs Rb,0.5289228792666666
Be Mo Nb,0.5288080701666665
Fe Si Ta,0.5281130404666663
B N U,0.5280963366166667
Cr Fe Re,0.5280048779
Fe Ho I,0.5279467375133332
Al Fe Ho,0.5279346432666671
N Ta Ti,0.527894186933333
Al Nb Ru,0.5277197711666667
Al V Zr,0.5274986770333325
B Fe Ir,0.5274587394333332
N Pr Te,0.5273645099666667
Fe Gd Y,0.5273584602000001
B Dy Fe,0.5273134233000002
Fe In Sm,0.5271824034
Be Ge N,0.5270391732666665
Ga Ni V,0.527013922916667
Cu Fe Gd,0.5269942019666664
Cu O P,0.526930571946667
Al Nb Rh,0.5268538426999997
Al Cl V,0.5268208282333336
B N Nd,0.5267952095333334
C Ga Sc,0.5266352140666661
La N Si,0.5265836655833332
Ga La Mg,0.5265422855
Hg N Ti,0.5265004643000002
Au Fe Nd,0.5264790530666666
La N S,0.5264220911400003
Fe Ho Y,0.5263756048333331
H Nb Zr,0.5262270316
N O Tm,0.5260891671666666
Al Mo S,0.5258927884999992
Cr Fe P,0.5257633473766664
Al Fe Gd,0.5256650072333335
C Ga Pt,0.5256395072999999
B Fe Ni,0.52560443658
Ge N Si,0.5254678577233334
B Fe U,0.5253460842000002
Mg O U,0.5253409961466668
C H Zr,0.5253276276333332
Mo Re V,0.525256342333333
Fe Gd I,0.5252155148466665
C Cs H,0.5250989259000001
B Fe Pr,0.5250299729499998
Mg O Si,0.5247907313366664
Fe Lu S,0.5245060196333334
N P S,0.5244908583866668
N Te U,0.5243613035333337
Eu Fe Sb,0.5238974230133335
Ce N Ta,0.5238667136999997
Dy Fe In,0.5238390184133337
Cu Fe Tb,0.523823744486667
Ce N Te,0.5238236111999995
N Ni Zn,0.5236002373666669
Co Mg O,0.5235906865833332
Cl K Nb,0.5235822915966666
C H O,0.5235605506333333
C Cs O,0.5235198939200003
Cr Fe Sm,0.5234312909333336
Dy In N,0.5233919443599998
Fe In Nd,0.5233686900799999
Gd N Te,0.5233174589
As K Nb,0.5232950941999999
F N P,0.5231867876566669
C H Se,0.5230978671999996
Fe S U,0.5230105946666664
Ho In N,0.522708942183333
In N Ti,0.522536103183333
Ag Ga Mg,0.5224583925333336
Fe Nd Pb,0.5223859827000003
Fe S Th,0.5222800396999997
In N Sm,0.5222554826333331
N O P,0.5222151593233332
Br Fe Gd,0.5219449463999996
Ca Nb O,0.5219360931333334
Cr Ir N,0.5216549426666666
Fe Mn Tb,0.5216262473333333
C La O,0.5216182153333339
Fe Ni Te,0.5215686407966664
Eu N Si,0.5213433392999995
B Fe Th,0.5213408069666664
Ga Hg Mg,0.5213338394333333
B Ce N,0.5212708403166669
Cu Li Mg,0.5211582533166669
Cr Fe Nd,0.5211543984533333
F N Sb,0.5211511992999999
C Cl H,0.5210933776000001
O V Y,0.5208596108666668
B N Pr,0.52084513245
Au C K,0.5208071737333336
Au Fe Pr,0.5207660738166665
B C H,0.5206540073
Al Fe Tb,0.5205668785666667
C O Se,0.5203499286866667
Mo Nb Re,0.5202670450000002
C O Zn,0.5201486125666661
Fe Tb Y,0.5201290047666667
Au C Li,0.5200967665333331
Nb O V,0.5197644158933333
B Gd N,0.5196497536999998
K Mg Sn,0.5195991896899999
C Cl Zr,0.5195978347333329
Cr Fe Ge,0.5195959759099994
In Lu N,0.5195151464666669
F N W,0.5195139080399999
Co Fe Sb,0.5194625339999999
Fe Tb Zn,0.5194611293166667
B Fe Lu,0.5194092203866667
B Mg Ru,0.5193997899
C Tl Y,0.5193827218333333
C Sn Zr,0.5193072384666669
In N Nd,0.5189244299299997
Hf N Ni,0.5188719217499996
Fe In Pr,0.5188696112700001
H Mg Zr,0.5186440948166667
Fe Ho S,0.5185888824333337
C Cu Na,0.5185847155633331
Co Nb V,0.5185620644033337
Al Co Nb,0.5184608961333329
Fe P Ta,0.5183966489666667
Cd Er Fe,0.5182463870700001
Ce In N,0.5180654427466668
Mo O Sn,0.5180520922999997
Fe Sn Tb,0.5179663709333329
Ba Nb O,0.5178080408333331
Fe Ni Pt,0.5177574081966666
Cr N Th,0.5176945756500005
Al C H,0.5174605040333335
Fe Ni S,0.5173952341666669
Mo O Zr,0.5173601753499997
Cr Fe U,0.5172840790599996
N P Si,0.51701816634
Br Fe Tb,0.5170138666666667
F N S,0.5170055046500001
C Nd O,0.5169387511699997
Ce F N,0.51685845392
Au C Y,0.5168263267
Fe Gd S,0.5167678762633333
Cr Dy Fe,0.5167479860333335
Br C H,0.5166954516333335
C O Sn,0.5166866047933337
Au Li Mg,0.5164735871633336
C Co Ga,0.5164704441666665
K Mo O,0.5163354786666668
Be N Si,0.5163326358299998
B Nb Zr,0.516263019666667
Cl K Mg,0.5161892409666664
F N Ti,0.5161735460566664
Nb O Sn,0.5160988070799998
Nb Rh Sn,0.516029694533333
C Mn Sn,0.5160080813666665
Cu O W,0.5159832545066672
Gd In N,0.5159620048600001
Mn Si V,0.5158236824000002
B C Mn,0.5156095223666667
C O Sr,0.5155326719900001
Fe Mn Tm,0.515284330366667
Co Er N,0.5152093189166665
C Cu Rb,0.5151245752000002
Fe Sb Sc,0.51508560642
Cu Fe Tm,0.5150699397666666
N Si Sm,0.5150432505199997
Mg O Rh,0.5150261810200002
Fe Hf Sb,0.5149369003866674
N O W,0.5147406363333331
Ir Nb V,0.5147098029333337
Nb S Sn,0.5147067182999994
B Ir Mg,0.5146835226666664
Fe Pb Sm,0.5145981682333333
N O S,0.5145792451866663
Ga Mo Y,0.5144819964666667
Co Mo V,0.5143760553000001
C Hg K,0.5139172307333333
Al Cl Mg,0.5139145657166665
Br K Nb,0.5138845134666669
Be N P,0.5138792946666672
Fe Ru Sc,0.5138382004666665
Hg Mo O,0.513794808153333
In N Pr,0.5137549196833329
C I O,0.5136365958933337
Al Fe Tm,0.5133922845
Ga O Y,0.5133852810800004
Cl Na Nb,0.5133689552466668
N Ta Th,0.5132926235666667
Cu Ga Mo,0.5130298416266665
F N U,0.512848407153333
B Fe Ho,0.5128116587
N Se Tb,0.5127619764333332
C Er Ga,0.5127473125999997
Fe Hg Nd,0.5127257035333335
Bi N U,0.5126250441000002
Br C Cl,0.5125820525
Cl Li V,0.5123394458966665
Fe Ge Ta,0.5122958968333334
N Si U,0.5121784854333336
La N U,0.5119869899333335
Fe Sn Tm,0.5118492257666667
N Ni Ta,0.5116873430300001
Li Mo S,0.511612572
N O Tb,0.5115091603633334
Bi N Nd,0.5114431456666672
Nb O Y,0.5114099934666667
F N Re,0.5112123186866666
Eu Ga Mg,0.511114367616667
Co Ga Mg,0.5111002655999999
Fe In Ni,0.5110182007733335
Si V Zr,0.5108636032299998
Ga K O,0.5108022170033331
Fe La Si,0.5107929627666671
Fe S Ti,0.5107479606166669
C Cr O,0.51071810962
H Mg Mn,0.5106248801633335
H Mg Na,0.5105365687633333
N Nd S,0.5105274532666665
Ce La N,0.5105087285700002
N Te Th,0.5103639648166669
C O Tl,0.5102584242133332
Al Ir Nb,0.5102532580999999
Br C Se,0.5102432970333336
C Cr Y,0.5101216974999998
Mo O Rb,0.5099782934666668
Nb Si Zr,0.5097959787833334
Mg O P,0.5096621719999996
B Fe Gd,0.5095058948666666
Co N W,0.5094257595666666
Ce Co Fe,0.5091627031533335
Al B C,0.5091532665466667
Dy N S,0.5090306065233335
Ce Fe Rh,0.5089727745866665
Fe P Rh,0.5088989252933331
Al Nb Ti,0.5086308937000003
H Mg Rb,0.5084664407633332
N P U,0.5084041685766665
Bi Ce N,0.5082763470333329
Fe Pb Pr,0.5080793602533334
Fe Pd Sb,0.5080270610233337
Fe La P,0.5079878492666665
In N Ni,0.5079840815200002
Fe I Tb,0.5079397682300005
Bi C O,0.5079270387466663
Cd Fe Nd,0.5078778867666667
Mo Se Sn,0.5078121106666668
C Cd O,0.5076991952166662
Mn Mo O,0.50765759933
N Sc Ti,0.5075787778000003
In Li Mg,0.5075677071666669
Ga Mg Sc,0.5075356879133334
La N Nd,0.507516651593333
Bi Fe Sm,0.5074884502
Fe Ge La,0.5074686069466671
Fe Hf W,0.507347690873333
Fe Hg Pr,0.5073262568999994
Ga Mo Zn,0.5073091595000001
Al Ca Mg,0.5072173676166662
Fe Lu Pb,0.5070427654000002
Mg O Tc,0.5069729820333331
N Tb Te,0.5067582841200003
F N Pr,0.5064267232666667
Li Mg Zn,0.5063334455033329
Al Mo Se,0.5062025975666664
Mo O Zn,0.5060815422166665
C La Y,0.5060126373333335
Er Fe Ru,0.5059108368333334
Cr Fe Lu,0.5058846453333337
Co Er Fe,0.5058435500333329
Gd La N,0.5058408488499999
Co Nb Sn,0.5058316074333333
Cr Fe Ti,0.5056032966899998
Cd N Ni,0.5055023744700002
C Pb Y,0.5054871418999997
As K Mg,0.5053747743333329
N Pd S,0.5053454269400004
C H I,0.5053374172666668
N Pr S,0.5052668726866668
N S Sm,0.5050817862133333
Nb S V,0.5050295862900003
Fe In Ti,0.5049409176499999
Ce Fe Sb,0.5049149848333336
Ag Fe Nd,0.5049014667333331
Al Mg Mn,0.5048404709366667
Ce Fe Ru,0.5046124795666664
Bi N Pr,0.5045946332
Ag C K,0.5045202853666668
B Fe Tb,0.5043161501033335
Cs H Mg,0.5040879093733335
Al Ge V,0.5040841670866665
C H Zn,0.5038319526333336
Mo Nd O,0.5038050439166668
H I Nb,0.5037884638666665
Ag Li Mg,0.5036835754400002
Ce N S,0.5036721984266666
N O Ti,0.5036470350933332
Al Cr V,0.5035867736666665
C Mg Ni,0.5035846176000002
H Mo O,0.5033971175500002
B Si V,0.5033141357333334
Bi Fe Nd,0.5032954895999996
Gd N S,0.5031395852466669
Ag C Li,0.5031047179333339
Eu Fe Si,0.5030410134533336
N Pr Si,0.5029489683499999
Li Mg Pb,0.5028491469666666
As Cs Nb,0.502825991116666
C Si Y,0.5027820474666669
N S U,0.502771273553333
Cl Cs Nb,0.50266353851
Cd Li Mg,0.5026116957499998
Er N U,0.5025951450300002
N Sb U,0.5025406348666664
Al Ba Mg,0.50253007355
F N Th,0.5024042523633337
Au C Na,0.5022776819999997
Co N Sm,0.5022732245000004
Ce N Si,0.502177470936666
Co N Ti,0.5020004726000002
As Li V,0.5019671491600002
Ce Co N,0.5019480805666667
K Nb Se,0.5017737333666669
C Ga Sm,0.5016441051333335
Hg Li Mg,0.5016241610199997
Fe Nd Sb,0.50158665192
Cr Fe Ho,0.5015218146666668
Cd Fe Pr,0.5015167818999997
Al C Zr,0.5014228065333333
Li Mg Tl,0.5014041353799998
Eu Fe P,0.5011300003999999
Nb Zn Zr,0.5011297616333334
C I Zr,0.5010911724333336
Mo Na O,0.50102213664
B Mg Os,0.5009912702000003
Al Ta V,0.5009778269333335
C K Pt,0.5009484428666668
C In Y,0.5008464243666664
Cu O Sb,0.5008387821666661
Al Au V,0.50077261075
Co Fe Si,0.500764916633333
Fe Nd Ru,0.5005643557133332
Fe Sb Sm,0.5005524933833333
Fe Ru Si,0.5005059814666668
Fe P Sc,0.50017683865
Fe Si W,0.5000916335
